{
  "Top": "check",
  "RtlTop": "check",
  "RtlPrefix": "",
  "SourceLanguage": "c",
  "ResetStyle": "control",
  "GenerateBdFiles": "0",
  "HostMachineBits": "64",
  "Target": {
    "Family": "zynq",
    "Device": "xc7z020",
    "Package": "-clg484",
    "Speed": "-1"
  },
  "HlsSolution": {
    
  },
  "Args": {
    
  },
  "Return": {
    "dataType": "int",
    "dataWidth": "32",
    "interfaceRef": "ap_return"
  },
  "ClockInfo": {
    "ClockName": "ap_clk",
    "ClockPeriod": "10",
    "IsCombLogic": "0",
    "II": "x",
    "Latency": "undef",
    "Uncertainty": "1.25"
  },
  "Xdc": {"OocClocks": ["create_clock -name ap_clk -period 10.000 [get_ports ap_clk]"]},
  "Ipx": {
    "Vendor": "xilinx.com",
    "Library": "hls",
    "Name": "check",
    "Version": "1.0",
    "DisplayName": "Check",
    "Revision": "",
    "Description": "An IP generated by Vivado HLS",
    "Taxonomy": "\/VIVADO_HLS_IP",
    "AutoFamilySupport": ""
  },
  "Files": {
    "CSource": ["..\/..\/mips_fun.c"],
    "Vhdl": [
      "impl\/vhdl\/check_A.vhd",
      "impl\/vhdl\/check_dmem.vhd",
      "impl\/vhdl\/check_imem.vhd",
      "impl\/vhdl\/check_outData.vhd",
      "impl\/vhdl\/check_reg.vhd",
      "impl\/vhdl\/check.vhd"
    ],
    "Verilog": [
      "impl\/verilog\/check_A.v",
      "impl\/verilog\/check_A_rom.dat",
      "impl\/verilog\/check_dmem.v",
      "impl\/verilog\/check_imem.v",
      "impl\/verilog\/check_imem_rom.dat",
      "impl\/verilog\/check_outData.v",
      "impl\/verilog\/check_outData_rom.dat",
      "impl\/verilog\/check_reg.v",
      "impl\/verilog\/check.v"
    ],
    "Misc": ["impl\/misc\/logo.png"],
    "DesignXml": "C:\/Users\/vivek\/Music\/mips_fun\/mips_fun\/solution1\/.autopilot\/db\/check.design.xml",
    "DebugDir": "C:\/Users\/vivek\/Music\/mips_fun\/mips_fun\/solution1\/.debug",
    "ProtoInst": ["C:\/Users\/vivek\/Music\/mips_fun\/mips_fun\/solution1\/.debug\/check.protoinst"]
  },
  "SubcoreInfo": {
    "HasXpmMemory": false,
    "HasClockedDsp": false,
    "IP": []
  },
  "Interfaces": {
    "ap_clk": {
      "type": "clock",
      "ctype": {"CLK": {"Type": "bool"}},
      "bundle_name": "ap_clk",
      "bundle_role": "default",
      "reset": "ap_rst"
    },
    "ap_ctrl": {
      "type": "ap_ctrl",
      "ctrl_ports": "ap_start ap_done ap_idle ap_ready",
      "ctype": {
        "start": {"Type": "bool"},
        "done": {"Type": "bool"},
        "idle": {"Type": "bool"},
        "ready": {"Type": "bool"}
      }
    },
    "ap_return": {
      "type": "data",
      "dir": "out",
      "width": "32",
      "ctype": {"DATA": {
          "Type": "integer signed",
          "Width": "32"
        }},
      "bundle_name": "ap_return",
      "bundle_role": "default"
    },
    "ap_rst": {
      "type": "reset",
      "polarity": "ACTIVE_HIGH",
      "ctype": {"RST": {"Type": "bool"}},
      "bundle_name": "ap_rst",
      "bundle_role": "default"
    }
  },
  "RtlPorts": {
    "ap_clk": {
      "dir": "in",
      "width": "1"
    },
    "ap_rst": {
      "dir": "in",
      "width": "1"
    },
    "ap_start": {
      "dir": "in",
      "width": "1"
    },
    "ap_done": {
      "dir": "out",
      "width": "1"
    },
    "ap_idle": {
      "dir": "out",
      "width": "1"
    },
    "ap_ready": {
      "dir": "out",
      "width": "1"
    },
    "ap_return": {
      "dir": "out",
      "width": "32"
    }
  },
  "ModuleInfo": {
    "Hierarchy": {"ModuleName": "check"},
    "Info": {"check": {
        "FunctionProtocol": "ap_ctrl_hs",
        "isTaskLevelControl": "1",
        "isPipelined": "0",
        "isCombinational": "0",
        "isOneStateSeq": "0"
      }},
    "Metrics": {"check": {
        "Latency": {
          "LatencyBest": "",
          "LatencyAvg": "",
          "LatencyWorst": "",
          "PipelineII": "",
          "PipelineDepth": "",
          "PipelineType": "none"
        },
        "Timing": {
          "Target": "10.00",
          "Uncertainty": "1.25",
          "Estimate": "8.510"
        },
        "Loops": [
          {
            "Name": "Loop 1",
            "TripCount": "32",
            "Latency": "32",
            "PipelineII": "",
            "PipelineDepth": "1"
          },
          {
            "Name": "Loop 2",
            "TripCount": "64",
            "Latency": "128",
            "PipelineII": "",
            "PipelineDepth": "2"
          },
          {
            "Name": "Loop 3",
            "TripCount": "",
            "Latency": "",
            "PipelineII": "",
            "PipelineDepthMin": "4",
            "PipelineDepthMax": "6",
            "PipelineDepth": "4 ~ 6"
          },
          {
            "Name": "Loop 4",
            "TripCount": "8",
            "Latency": "16",
            "PipelineII": "",
            "PipelineDepth": "2"
          }
        ],
        "Area": {
          "BRAM_18K": "4",
          "DSP48E": "8",
          "FF": "783",
          "LUT": "1906",
          "URAM": "0"
        }
      }}
  },
  "Sdx": {
    "Target": "none",
    "ProfileOption": "0",
    "ProfileType": "none",
    "XO": "",
    "KernelName": "check",
    "EnableXoSwEmu": "1"
  },
  "GenData": {
    "DataVersion": "0.2",
    "Time": "2021-01-06 13:25:41 +0530",
    "ToolName": "vivado_hls",
    "ToolVersion": "2019.2"
  }
}
