<profile>

<section name = "Vivado HLS Report for 'diffeq'" level="0">
<item name = "Date">Fri Jan 29 09:50:10 2021
</item>
<item name = "Version">2019.2 (Build 2704478 on Wed Nov 06 22:10:23 MST 2019)</item>
<item name = "Project">diffeq</item>
<item name = "Solution">solution1</item>
<item name = "Product family">zynq</item>
<item name = "Target device">xc7z020-clg484-1</item>
</section>

<section name = "Performance Estimates" level="0">
<item name = "Timing">
<section name = "" level="1">
<item name = "Summary"><table name="" hasTotal="0">
<keys size="4">Clock, Target, Estimated, Uncertainty</keys>
<column name="ap_clk">10.00 ns, 8.510 ns, 1.25 ns</column>
</table>
</item>
</section>
</item>
<item name = "Latency">
<section name = "" level="1">
<item name = "Summary"><table name="" hasTotal="0">
<keys size="8">, min, max, min, max, min, max, Type</keys>
<column name="">4, 4, 40.000 ns, 40.000 ns, 4, 4, none</column>
</table>
</item>
<item name = "Detail">
<section name = "" level="1">
<item name = "Instance"><table name="" hasTotal="0">
<keys size="9">Instance, Module, min, max, min, max, min, max, Type</keys>
</table>
</item>
<item name = "Loop"><table name="" hasTotal="0">
<keys size="8">Loop Name, min, max, Latency, achieved, target, Count, Pipelined</keys>
</table>
</item>
</section>
</item>
</section>
</item>
</section>

<section name = "Utilization Estimates" level="0">
<item name = "Summary"><table name="" hasTotal="1">
<keys size="6">Name, BRAM_18K, DSP48E, FF, LUT, URAM</keys>
<column name="DSP">-, -, -, -, -</column>
<column name="Expression">-, 12, 0, 261, -</column>
<column name="FIFO">-, -, -, -, -</column>
<column name="Instance">-, -, -, -, -</column>
<column name="Memory">-, -, -, -, -</column>
<column name="Multiplexer">-, -, -, 33, -</column>
<column name="Register">-, -, 229, -, -</column>
<specialColumn name="Available">280, 220, 106400, 53200, 0</specialColumn>
<specialColumn name="Utilization (%)">0, 5, ~0, ~0, 0</specialColumn>
</table>
</item>
<item name = "Detail">
<section name = "" level="1">
<item name = "Instance"><table name="" hasTotal="1">
<keys size="7">Instance, Module, BRAM_18K, DSP48E, FF, LUT, URAM</keys>
</table>
</item>
<item name = "DSP48E"><table name="" hasTotal="0">
<keys size="3">Instance, Module, Expression</keys>
</table>
</item>
<item name = "Memory"><table name="" hasTotal="1">
<keys size="10">Memory, Module, BRAM_18K, FF, LUT, URAM, Words, Bits, Banks, W*Bits*Banks</keys>
</table>
</item>
<item name = "FIFO"><table name="" hasTotal="1">
<keys size="8">Name, BRAM_18K, FF, LUT, URAM, Depth, Bits, Size:D*B</keys>
</table>
</item>
<item name = "Expression"><table name="" hasTotal="1">
<keys size="7">Variable Name, Operation, DSP48E, FF, LUT, Bitwidth P0, Bitwidth P1</keys>
<column name="mul_ln14_fu_56_p2">*, 3, 0, 20, 32, 32</column>
<column name="t3_fu_74_p2">*, 3, 0, 20, 32, 32</column>
<column name="t5_fu_78_p2">*, 3, 0, 20, 32, 32</column>
<column name="t7_fu_92_p2">*, 3, 0, 20, 32, 32</column>
<column name="ap_return">+, 0, 0, 39, 32, 32</column>
<column name="sub_ln18_fu_87_p2">-, 0, 0, 32, 32, 32</column>
<column name="t1_fu_50_p2">-, 0, 0, 39, 32, 32</column>
<column name="t4_fu_68_p2">-, 0, 0, 39, 32, 32</column>
<column name="t6_fu_83_p2">-, 0, 0, 32, 32, 32</column>
</table>
</item>
<item name = "Multiplexer"><table name="" hasTotal="1">
<keys size="5">Name, LUT, Input Size, Bits, Total Bits</keys>
<column name="ap_NS_fsm">33, 6, 1, 6</column>
</table>
</item>
<item name = "Register"><table name="" hasTotal="1">
<keys size="5">Name, FF, LUT, Bits, Const Bits</keys>
<column name="ap_CS_fsm">5, 0, 5, 0</column>
<column name="mul_ln14_reg_115">32, 0, 32, 0</column>
<column name="sub_ln18_reg_140">32, 0, 32, 0</column>
<column name="t1_reg_110">32, 0, 32, 0</column>
<column name="t3_reg_130">32, 0, 32, 0</column>
<column name="t4_reg_120">32, 0, 32, 0</column>
<column name="t5_reg_135">32, 0, 32, 0</column>
<column name="t7_reg_145">32, 0, 32, 0</column>
</table>
</item>
</section>
</item>
</section>

<section name = "Interface" level="0">
<item name = "Summary"><table name="" hasTotal="0">
<keys size="6">RTL Ports, Dir, Bits, Protocol, Source Object, C Type</keys>
<column name="ap_clk">in, 1, ap_ctrl_hs, diffeq, return value</column>
<column name="ap_rst">in, 1, ap_ctrl_hs, diffeq, return value</column>
<column name="ap_start">in, 1, ap_ctrl_hs, diffeq, return value</column>
<column name="ap_done">out, 1, ap_ctrl_hs, diffeq, return value</column>
<column name="ap_idle">out, 1, ap_ctrl_hs, diffeq, return value</column>
<column name="ap_ready">out, 1, ap_ctrl_hs, diffeq, return value</column>
<column name="ap_return">out, 32, ap_ctrl_hs, diffeq, return value</column>
<column name="x">in, 32, ap_none, x, scalar</column>
<column name="dx">in, 32, ap_none, dx, scalar</column>
<column name="u">in, 32, ap_none, u, scalar</column>
<column name="y">in, 32, ap_none, y, scalar</column>
</table>
</item>
</section>
</profile>
