<annotationInfo>
<annotationInfo>
<item  id="15" filename="diffeq.c" linenumber="12" name="shl_ln12" contextFuncName="diffeq" moduleName="diffeq" rtlName="shl_ln12_fu_44_p2" latency="0" BRAM="-1" DSP="-1" FF="-1" LUT="-1" fileDirectory="C:\Users\vivek\Music\diffeq_wl"><\/item>
<item  id="16" filename="diffeq.c" linenumber="12" name="t1" contextFuncName="diffeq" moduleName="diffeq" rtlName="t1_fu_50_p2" latency="0" BRAM="-1" DSP="-1" FF="0" LUT="39" fileDirectory="C:\Users\vivek\Music\diffeq_wl"><\/item>
<item  id="17" filename="diffeq.c" linenumber="14" name="mul_ln14" contextFuncName="diffeq" moduleName="diffeq" rtlName="mul_ln14_fu_56_p2" latency="0" BRAM="-1" DSP="3" FF="0" LUT="20" fileDirectory="C:\Users\vivek\Music\diffeq_wl"><\/item>
<item  id="18" filename="diffeq.c" linenumber="14" name="t3" contextFuncName="diffeq" moduleName="diffeq" rtlName="t3_fu_74_p2" latency="0" BRAM="-1" DSP="3" FF="0" LUT="20" fileDirectory="C:\Users\vivek\Music\diffeq_wl"><\/item>
<item  id="19" filename="diffeq.c" linenumber="15" name="shl_ln15" contextFuncName="diffeq" moduleName="diffeq" rtlName="shl_ln15_fu_62_p2" latency="0" BRAM="-1" DSP="-1" FF="-1" LUT="-1" fileDirectory="C:\Users\vivek\Music\diffeq_wl"><\/item>
<item  id="20" filename="diffeq.c" linenumber="15" name="t4" contextFuncName="diffeq" moduleName="diffeq" rtlName="t4_fu_68_p2" latency="0" BRAM="-1" DSP="-1" FF="0" LUT="39" fileDirectory="C:\Users\vivek\Music\diffeq_wl"><\/item>
<item  id="21" filename="diffeq.c" linenumber="16" name="t5" contextFuncName="diffeq" moduleName="diffeq" rtlName="t5_fu_78_p2" latency="0" BRAM="-1" DSP="3" FF="0" LUT="20" fileDirectory="C:\Users\vivek\Music\diffeq_wl"><\/item>
<item  id="22" filename="diffeq.c" linenumber="17" name="t6" contextFuncName="diffeq" moduleName="diffeq" rtlName="t6_fu_83_p2" latency="0" BRAM="-1" DSP="-1" FF="0" LUT="32" fileDirectory="C:\Users\vivek\Music\diffeq_wl"><\/item>
<item  id="23" filename="diffeq.c" linenumber="18" name="sub_ln18" contextFuncName="diffeq" moduleName="diffeq" rtlName="sub_ln18_fu_87_p2" latency="0" BRAM="-1" DSP="-1" FF="0" LUT="32" fileDirectory="C:\Users\vivek\Music\diffeq_wl"><\/item>
<item  id="24" filename="diffeq.c" linenumber="19" name="t7" contextFuncName="diffeq" moduleName="diffeq" rtlName="t7_fu_92_p2" latency="0" BRAM="-1" DSP="3" FF="0" LUT="20" fileDirectory="C:\Users\vivek\Music\diffeq_wl"><\/item>
<item  id="25" filename="diffeq.c" linenumber="20" name="add_ln20" contextFuncName="diffeq" moduleName="diffeq" rtlName="ap_return" latency="0" BRAM="-1" DSP="-1" FF="0" LUT="39" fileDirectory="C:\Users\vivek\Music\diffeq_wl"><\/item>
<\/annotationInfo>
</annotationInfo>
