<?xml version="1.0" encoding="UTF-8"?>
<vivadoHLSLog:LogRoot xmlns:vivadoHLSLog="www.xilinx.com/vivadoHLSLog">
  <errorLogs>
    <logs>
      <synLog/>
      <simLog/>
      <mgLog/>
      <packageLog/>
      <csimLog/>
    </logs>
  </errorLogs>
  <warningLogs>
    <logs>
      <synLog>
        <logs message="WARNING: [RTGEN 206-101] Port 'hls_macc/GG2' has no fanin or fanout and is left dangling.&#xD;&#xA;               Please use C simulation to confirm this function argument can be read from or written to." projectName="no_consant" solutionName="solution1" date="2021-01-06T12:39:07.585+0530" type="Warning"/>
        <logs message="WARNING: [RTGEN 206-101] Port 'hls_macc/G4' has no fanin or fanout and is left dangling.&#xD;&#xA;               Please use C simulation to confirm this function argument can be read from or written to." projectName="no_consant" solutionName="solution1" date="2021-01-06T12:39:07.576+0530" type="Warning"/>
        <logs message="WARNING: [RTGEN 206-101] Port 'hls_macc/G3' has no fanin or fanout and is left dangling.&#xD;&#xA;               Please use C simulation to confirm this function argument can be read from or written to." projectName="no_consant" solutionName="solution1" date="2021-01-06T12:39:07.565+0530" type="Warning"/>
      </synLog>
      <simLog/>
      <mgLog/>
      <packageLog/>
      <csimLog/>
    </logs>
  </warningLogs>
</vivadoHLSLog:LogRoot>
