<annotationInfo>
<annotationInfo>
<item  id="46" filename="no_branch.c" linenumber="11" name="op1" contextFuncName="hls_macc" moduleName="hls_macc" rtlName="op1_fu_207_p2" latency="0" BRAM="-1" DSP="3" FF="0" LUT="20" fileDirectory="C:\Users\vivek\Music\no_branch"><\/item>
<item  id="47" filename="no_branch.c" linenumber="12" name="op2" contextFuncName="hls_macc" moduleName="hls_macc" rtlName="op2_fu_213_p2" latency="0" BRAM="-1" DSP="3" FF="0" LUT="20" fileDirectory="C:\Users\vivek\Music\no_branch"><\/item>
<item  id="48" filename="no_branch.c" linenumber="15" name="op5" contextFuncName="hls_macc" moduleName="hls_macc" rtlName="op5_fu_139_p2" latency="0" BRAM="-1" DSP="3" FF="0" LUT="20" fileDirectory="C:\Users\vivek\Music\no_branch"><\/item>
<item  id="49" filename="no_branch.c" linenumber="16" name="op6" contextFuncName="hls_macc" moduleName="hls_macc" rtlName="op6_fu_145_p2" latency="0" BRAM="-1" DSP="3" FF="0" LUT="20" fileDirectory="C:\Users\vivek\Music\no_branch"><\/item>
<item  id="50" filename="no_branch.c" linenumber="17" name="op7" contextFuncName="hls_macc" moduleName="hls_macc" rtlName="op7_fu_151_p2" latency="0" BRAM="-1" DSP="3" FF="0" LUT="20" fileDirectory="C:\Users\vivek\Music\no_branch"><\/item>
<item  id="51" filename="no_branch.c" linenumber="18" name="op8" contextFuncName="hls_macc" moduleName="hls_macc" rtlName="op8_fu_157_p2" latency="0" BRAM="-1" DSP="3" FF="0" LUT="20" fileDirectory="C:\Users\vivek\Music\no_branch"><\/item>
<item  id="52" filename="no_branch.c" linenumber="25" name="add_ln25" contextFuncName="hls_macc" moduleName="hls_macc" rtlName="add_ln25_fu_163_p2" latency="0" BRAM="-1" DSP="-1" FF="0" LUT="32" fileDirectory="C:\Users\vivek\Music\no_branch"><\/item>
<item  id="53" filename="no_branch.c" linenumber="25" name="op13" contextFuncName="hls_macc" moduleName="hls_macc" rtlName="op13_fu_168_p2" latency="0" BRAM="-1" DSP="-1" FF="0" LUT="32" fileDirectory="C:\Users\vivek\Music\no_branch"><\/item>
<item  id="55" filename="no_branch.c" linenumber="27" name="add_ln27" contextFuncName="hls_macc" moduleName="hls_macc" rtlName="add_ln27_fu_173_p2" latency="0" BRAM="-1" DSP="-1" FF="0" LUT="32" fileDirectory="C:\Users\vivek\Music\no_branch"><\/item>
<item  id="56" filename="no_branch.c" linenumber="27" name="op14" contextFuncName="hls_macc" moduleName="hls_macc" rtlName="op14_fu_178_p2" latency="0" BRAM="-1" DSP="-1" FF="0" LUT="32" fileDirectory="C:\Users\vivek\Music\no_branch"><\/item>
<item  id="58" filename="no_branch.c" linenumber="31" name="op17" contextFuncName="hls_macc" moduleName="hls_macc" rtlName="op17_fu_183_p2" latency="0" BRAM="-1" DSP="3" FF="0" LUT="20" fileDirectory="C:\Users\vivek\Music\no_branch"><\/item>
<item  id="59" filename="no_branch.c" linenumber="32" name="op18" contextFuncName="hls_macc" moduleName="hls_macc" rtlName="op18_fu_187_p2" latency="0" BRAM="-1" DSP="3" FF="0" LUT="20" fileDirectory="C:\Users\vivek\Music\no_branch"><\/item>
<item  id="60" filename="no_branch.c" linenumber="33" name="mul_ln33" contextFuncName="hls_macc" moduleName="hls_macc" rtlName="mul_ln33_fu_191_p2" latency="0" BRAM="-1" DSP="3" FF="0" LUT="20" fileDirectory="C:\Users\vivek\Music\no_branch"><\/item>
<item  id="61" filename="no_branch.c" linenumber="33" name="mul_ln33_1" contextFuncName="hls_macc" moduleName="hls_macc" rtlName="mul_ln33_1_fu_195_p2" latency="0" BRAM="-1" DSP="3" FF="0" LUT="20" fileDirectory="C:\Users\vivek\Music\no_branch"><\/item>
<item  id="62" filename="no_branch.c" linenumber="33" name="op19" contextFuncName="hls_macc" moduleName="hls_macc" rtlName="op19_fu_199_p2" latency="0" BRAM="-1" DSP="3" FF="0" LUT="20" fileDirectory="C:\Users\vivek\Music\no_branch"><\/item>
<item  id="63" filename="no_branch.c" linenumber="34" name="op20" contextFuncName="hls_macc" moduleName="hls_macc" rtlName="op20_fu_203_p2" latency="0" BRAM="-1" DSP="-1" FF="0" LUT="39" fileDirectory="C:\Users\vivek\Music\no_branch"><\/item>
<item  id="64" filename="no_branch.c" linenumber="35" name="op21" contextFuncName="hls_macc" moduleName="hls_macc" rtlName="op21_fu_219_p2" latency="0" BRAM="-1" DSP="3" FF="0" LUT="20" fileDirectory="C:\Users\vivek\Music\no_branch"><\/item>
<item  id="65" filename="no_branch.c" linenumber="36" name="op22" contextFuncName="hls_macc" moduleName="hls_macc" rtlName="op22_fu_223_p2" latency="0" BRAM="-1" DSP="3" FF="0" LUT="20" fileDirectory="C:\Users\vivek\Music\no_branch"><\/item>
<item  id="66" filename="no_branch.c" linenumber="41" name="add_ln41" contextFuncName="hls_macc" moduleName="hls_macc" rtlName="add_ln41_fu_237_p2" latency="0" BRAM="-1" DSP="-1" FF="0" LUT="32" fileDirectory="C:\Users\vivek\Music\no_branch"><\/item>
<item  id="67" filename="no_branch.c" linenumber="41" name="add_ln41_1" contextFuncName="hls_macc" moduleName="hls_macc" rtlName="add_ln41_1_fu_241_p2" latency="0" BRAM="-1" DSP="-1" FF="0" LUT="39" fileDirectory="C:\Users\vivek\Music\no_branch"><\/item>
<item  id="68" filename="no_branch.c" linenumber="41" name="op27" contextFuncName="hls_macc" moduleName="hls_macc" rtlName="op27_fu_245_p2" latency="0" BRAM="-1" DSP="-1" FF="0" LUT="32" fileDirectory="C:\Users\vivek\Music\no_branch"><\/item>
<item  id="70" filename="no_branch.c" linenumber="34" name="tmp" contextFuncName="hls_macc" moduleName="hls_macc" rtlName="tmp_fu_227_p2" latency="0" BRAM="-1" DSP="-1" FF="0" LUT="39" fileDirectory="C:\Users\vivek\Music\no_branch"><\/item>
<item  id="71" filename="no_branch.c" linenumber="34" name="tmp1" contextFuncName="hls_macc" moduleName="hls_macc" rtlName="tmp1_fu_251_p2" latency="0" BRAM="-1" DSP="3" FF="0" LUT="20" fileDirectory="C:\Users\vivek\Music\no_branch"><\/item>
<item  id="72" filename="no_branch.c" linenumber="33" name="tmp2" contextFuncName="hls_macc" moduleName="hls_macc" rtlName="tmp2_fu_232_p2" latency="0" BRAM="-1" DSP="-1" FF="0" LUT="39" fileDirectory="C:\Users\vivek\Music\no_branch"><\/item>
<item  id="73" filename="no_branch.c" linenumber="33" name="tmp3" contextFuncName="hls_macc" moduleName="hls_macc" rtlName="tmp3_fu_255_p2" latency="0" BRAM="-1" DSP="3" FF="0" LUT="20" fileDirectory="C:\Users\vivek\Music\no_branch"><\/item>
<item  id="74" filename="no_branch.c" linenumber="43" name="op28" contextFuncName="hls_macc" moduleName="hls_macc" rtlName="op28_fu_259_p2" latency="0" BRAM="-1" DSP="-1" FF="0" LUT="39" fileDirectory="C:\Users\vivek\Music\no_branch"><\/item>
<item  id="76" filename="no_branch.c" linenumber="46" name="add_ln46" contextFuncName="hls_macc" moduleName="hls_macc" rtlName="add_ln46_fu_264_p2" latency="0" BRAM="-1" DSP="-1" FF="0" LUT="32" fileDirectory="C:\Users\vivek\Music\no_branch"><\/item>
<item  id="77" filename="no_branch.c" linenumber="46" name="add_ln46_1" contextFuncName="hls_macc" moduleName="hls_macc" rtlName="add_ln46_1_fu_269_p2" latency="0" BRAM="-1" DSP="-1" FF="0" LUT="39" fileDirectory="C:\Users\vivek\Music\no_branch"><\/item>
<item  id="78" filename="no_branch.c" linenumber="46" name="add_ln46_2" contextFuncName="hls_macc" moduleName="hls_macc" rtlName="ap_return1" latency="0" BRAM="-1" DSP="-1" FF="0" LUT="32" fileDirectory="C:\Users\vivek\Music\no_branch"><\/item>
<\/annotationInfo>
</annotationInfo>
