<stg><name>hls_macc</name>


<trans_list>

<trans id="71" from="1" to="2">
<condition id="-1">
<or_exp><and_exp></and_exp></or_exp>
</condition>
</trans>

<trans id="72" from="2" to="3">
<condition id="-1">
<or_exp><and_exp></and_exp></or_exp>
</condition>
</trans>

<trans id="73" from="3" to="4">
<condition id="-1">
<or_exp><and_exp></and_exp></or_exp>
</condition>
</trans>

<trans id="74" from="4" to="5">
<condition id="-1">
<or_exp><and_exp></and_exp></or_exp>
</condition>
</trans>

<trans id="75" from="5" to="6">
<condition id="-1">
<or_exp><and_exp></and_exp></or_exp>
</condition>
</trans>

<trans id="76" from="6" to="7">
<condition id="-1">
<or_exp><and_exp></and_exp></or_exp>
</condition>
</trans>
</trans_list>



<state_list>

<state id="1" st_id="1">

<operation id="8" st_id="1" stage="1" lat="1">
<core>NULL</core>
<MemPortIdVec></MemPortIdVec>
<condition id="-1">
<or_exp><and_exp></and_exp></or_exp>
</condition>

<Node id="38" bw="32" op_0_bw="32" op_1_bw="32">
<![CDATA[
:20  %G2_read = call i32 @_ssdm_op_Read.ap_auto.i32(i32 %G2) nounwind

]]></Node>
<StgValue><ssdm name="G2_read"/></StgValue>
</operation>

<operation id="9" st_id="1" stage="1" lat="1">
<core>NULL</core>
<MemPortIdVec></MemPortIdVec>
<condition id="-1">
<or_exp><and_exp></and_exp></or_exp>
</condition>

<Node id="39" bw="32" op_0_bw="32" op_1_bw="32">
<![CDATA[
:21  %G1_read = call i32 @_ssdm_op_Read.ap_auto.i32(i32 %G1) nounwind

]]></Node>
<StgValue><ssdm name="G1_read"/></StgValue>
</operation>

<operation id="10" st_id="1" stage="1" lat="1">
<core>NULL</core>
<MemPortIdVec></MemPortIdVec>
<condition id="-1">
<or_exp><and_exp></and_exp></or_exp>
</condition>

<Node id="42" bw="32" op_0_bw="32" op_1_bw="32">
<![CDATA[
:24  %i4_read = call i32 @_ssdm_op_Read.ap_auto.i32(i32 %i4) nounwind

]]></Node>
<StgValue><ssdm name="i4_read"/></StgValue>
</operation>

<operation id="11" st_id="1" stage="1" lat="1">
<core>NULL</core>
<MemPortIdVec></MemPortIdVec>
<condition id="-1">
<or_exp><and_exp></and_exp></or_exp>
</condition>

<Node id="43" bw="32" op_0_bw="32" op_1_bw="32">
<![CDATA[
:25  %i3_read = call i32 @_ssdm_op_Read.ap_auto.i32(i32 %i3) nounwind

]]></Node>
<StgValue><ssdm name="i3_read"/></StgValue>
</operation>

<operation id="12" st_id="1" stage="1" lat="1">
<core>Mul</core>
<MemPortIdVec></MemPortIdVec>
<condition id="-1">
<or_exp><and_exp></and_exp></or_exp>
</condition>

<Node id="48" bw="32" op_0_bw="32" op_1_bw="32">
<![CDATA[
:30  %op5 = mul nsw i32 %G1_read, %i3_read

]]></Node>
<StgValue><ssdm name="op5"/></StgValue>
</operation>

<operation id="13" st_id="1" stage="1" lat="1">
<core>Mul</core>
<MemPortIdVec></MemPortIdVec>
<condition id="-1">
<or_exp><and_exp></and_exp></or_exp>
</condition>

<Node id="49" bw="32" op_0_bw="32" op_1_bw="32">
<![CDATA[
:31  %op6 = mul nsw i32 %G2_read, %i4_read

]]></Node>
<StgValue><ssdm name="op6"/></StgValue>
</operation>

<operation id="14" st_id="1" stage="1" lat="1">
<core>Mul</core>
<MemPortIdVec></MemPortIdVec>
<condition id="-1">
<or_exp><and_exp></and_exp></or_exp>
</condition>

<Node id="50" bw="32" op_0_bw="32" op_1_bw="32">
<![CDATA[
:32  %op7 = mul nsw i32 %G1_read, %i4_read

]]></Node>
<StgValue><ssdm name="op7"/></StgValue>
</operation>

<operation id="15" st_id="1" stage="1" lat="1">
<core>Mul</core>
<MemPortIdVec></MemPortIdVec>
<condition id="-1">
<or_exp><and_exp></and_exp></or_exp>
</condition>

<Node id="51" bw="32" op_0_bw="32" op_1_bw="32">
<![CDATA[
:33  %op8 = mul nsw i32 %G2_read, %i3_read

]]></Node>
<StgValue><ssdm name="op8"/></StgValue>
</operation>
</state>

<state id="2" st_id="2">

<operation id="16" st_id="2" stage="1" lat="1">
<core>NULL</core>
<MemPortIdVec></MemPortIdVec>
<condition id="-1">
<or_exp><and_exp></and_exp></or_exp>
</condition>

<Node id="40" bw="32" op_0_bw="32" op_1_bw="32">
<![CDATA[
:22  %i6_read = call i32 @_ssdm_op_Read.ap_auto.i32(i32 %i6) nounwind

]]></Node>
<StgValue><ssdm name="i6_read"/></StgValue>
</operation>

<operation id="17" st_id="2" stage="1" lat="1">
<core>NULL</core>
<MemPortIdVec></MemPortIdVec>
<condition id="-1">
<or_exp><and_exp></and_exp></or_exp>
</condition>

<Node id="41" bw="32" op_0_bw="32" op_1_bw="32">
<![CDATA[
:23  %i5_read = call i32 @_ssdm_op_Read.ap_auto.i32(i32 %i5) nounwind

]]></Node>
<StgValue><ssdm name="i5_read"/></StgValue>
</operation>

<operation id="18" st_id="2" stage="1" lat="1">
<core>TAddSub</core>
<MemPortIdVec></MemPortIdVec>
<condition id="-1">
<or_exp><and_exp></and_exp></or_exp>
</condition>

<Node id="52" bw="32" op_0_bw="32" op_1_bw="32">
<![CDATA[
:34  %add_ln25 = add i32 %op6, %i5_read

]]></Node>
<StgValue><ssdm name="add_ln25"/></StgValue>
</operation>

<operation id="19" st_id="2" stage="1" lat="1">
<core>TAddSub</core>
<MemPortIdVec></MemPortIdVec>
<condition id="-1">
<or_exp><and_exp></and_exp></or_exp>
</condition>

<Node id="53" bw="32" op_0_bw="32" op_1_bw="32">
<![CDATA[
:35  %op13 = add i32 %add_ln25, %op5

]]></Node>
<StgValue><ssdm name="op13"/></StgValue>
</operation>

<operation id="20" st_id="2" stage="1" lat="1">
<core>TAddSub</core>
<MemPortIdVec></MemPortIdVec>
<condition id="-1">
<or_exp><and_exp></and_exp></or_exp>
</condition>

<Node id="55" bw="32" op_0_bw="32" op_1_bw="32">
<![CDATA[
:37  %add_ln27 = add i32 %op8, %i6_read

]]></Node>
<StgValue><ssdm name="add_ln27"/></StgValue>
</operation>

<operation id="21" st_id="2" stage="1" lat="1">
<core>TAddSub</core>
<MemPortIdVec></MemPortIdVec>
<condition id="-1">
<or_exp><and_exp></and_exp></or_exp>
</condition>

<Node id="56" bw="32" op_0_bw="32" op_1_bw="32">
<![CDATA[
:38  %op14 = add i32 %add_ln27, %op7

]]></Node>
<StgValue><ssdm name="op14"/></StgValue>
</operation>
</state>

<state id="3" st_id="3">

<operation id="22" st_id="3" stage="1" lat="1">
<core>Mul</core>
<MemPortIdVec></MemPortIdVec>
<condition id="-1">
<or_exp><and_exp></and_exp></or_exp>
</condition>

<Node id="58" bw="32" op_0_bw="32" op_1_bw="32">
<![CDATA[
:40  %op17 = mul nsw i32 %op13, %G1_read

]]></Node>
<StgValue><ssdm name="op17"/></StgValue>
</operation>

<operation id="23" st_id="3" stage="1" lat="1">
<core>Mul</core>
<MemPortIdVec></MemPortIdVec>
<condition id="-1">
<or_exp><and_exp></and_exp></or_exp>
</condition>

<Node id="59" bw="32" op_0_bw="32" op_1_bw="32">
<![CDATA[
:41  %op18 = mul nsw i32 %op14, %G2_read

]]></Node>
<StgValue><ssdm name="op18"/></StgValue>
</operation>

<operation id="24" st_id="3" stage="1" lat="1">
<core>Mul</core>
<MemPortIdVec></MemPortIdVec>
<condition id="-1">
<or_exp><and_exp></and_exp></or_exp>
</condition>

<Node id="60" bw="32" op_0_bw="32" op_1_bw="32">
<![CDATA[
:42  %mul_ln33 = mul i32 %op14, %G1_read

]]></Node>
<StgValue><ssdm name="mul_ln33"/></StgValue>
</operation>

<operation id="25" st_id="3" stage="1" lat="1">
<core>Mul</core>
<MemPortIdVec></MemPortIdVec>
<condition id="-1">
<or_exp><and_exp></and_exp></or_exp>
</condition>

<Node id="61" bw="32" op_0_bw="32" op_1_bw="32">
<![CDATA[
:43  %mul_ln33_1 = mul i32 %op13, %G2_read

]]></Node>
<StgValue><ssdm name="mul_ln33_1"/></StgValue>
</operation>
</state>

<state id="4" st_id="4">

<operation id="26" st_id="4" stage="1" lat="1">
<core>Mul</core>
<MemPortIdVec></MemPortIdVec>
<condition id="-1">
<or_exp><and_exp></and_exp></or_exp>
</condition>

<Node id="62" bw="32" op_0_bw="32" op_1_bw="32">
<![CDATA[
:44  %op19 = mul i32 %mul_ln33_1, %mul_ln33

]]></Node>
<StgValue><ssdm name="op19"/></StgValue>
</operation>

<operation id="27" st_id="4" stage="1" lat="1">
<core>AddSub</core>
<MemPortIdVec></MemPortIdVec>
<condition id="-1">
<or_exp><and_exp></and_exp></or_exp>
</condition>

<Node id="63" bw="32" op_0_bw="32" op_1_bw="32">
<![CDATA[
:45  %op20 = add nsw i32 %op17, %op18

]]></Node>
<StgValue><ssdm name="op20"/></StgValue>
</operation>
</state>

<state id="5" st_id="5">

<operation id="28" st_id="5" stage="1" lat="1">
<core>NULL</core>
<MemPortIdVec></MemPortIdVec>
<condition id="-1">
<or_exp><and_exp></and_exp></or_exp>
</condition>

<Node id="36" bw="32" op_0_bw="32" op_1_bw="32">
<![CDATA[
:18  %GG2_read = call i32 @_ssdm_op_Read.ap_auto.i32(i32 %GG2) nounwind

]]></Node>
<StgValue><ssdm name="GG2_read"/></StgValue>
</operation>

<operation id="29" st_id="5" stage="1" lat="1">
<core>NULL</core>
<MemPortIdVec></MemPortIdVec>
<condition id="-1">
<or_exp><and_exp></and_exp></or_exp>
</condition>

<Node id="37" bw="32" op_0_bw="32" op_1_bw="32">
<![CDATA[
:19  %GG1_read = call i32 @_ssdm_op_Read.ap_auto.i32(i32 %GG1) nounwind

]]></Node>
<StgValue><ssdm name="GG1_read"/></StgValue>
</operation>

<operation id="30" st_id="5" stage="1" lat="1">
<core>NULL</core>
<MemPortIdVec></MemPortIdVec>
<condition id="-1">
<or_exp><and_exp></and_exp></or_exp>
</condition>

<Node id="44" bw="32" op_0_bw="32" op_1_bw="32">
<![CDATA[
:26  %i2_read = call i32 @_ssdm_op_Read.ap_auto.i32(i32 %i2) nounwind

]]></Node>
<StgValue><ssdm name="i2_read"/></StgValue>
</operation>

<operation id="31" st_id="5" stage="1" lat="1">
<core>NULL</core>
<MemPortIdVec></MemPortIdVec>
<condition id="-1">
<or_exp><and_exp></and_exp></or_exp>
</condition>

<Node id="45" bw="32" op_0_bw="32" op_1_bw="32">
<![CDATA[
:27  %i1_read = call i32 @_ssdm_op_Read.ap_auto.i32(i32 %i1) nounwind

]]></Node>
<StgValue><ssdm name="i1_read"/></StgValue>
</operation>

<operation id="32" st_id="5" stage="1" lat="1">
<core>Mul</core>
<MemPortIdVec></MemPortIdVec>
<condition id="-1">
<or_exp><and_exp></and_exp></or_exp>
</condition>

<Node id="46" bw="32" op_0_bw="32" op_1_bw="32">
<![CDATA[
:28  %op1 = mul nsw i32 %GG1_read, %i1_read

]]></Node>
<StgValue><ssdm name="op1"/></StgValue>
</operation>

<operation id="33" st_id="5" stage="1" lat="1">
<core>Mul</core>
<MemPortIdVec></MemPortIdVec>
<condition id="-1">
<or_exp><and_exp></and_exp></or_exp>
</condition>

<Node id="47" bw="32" op_0_bw="32" op_1_bw="32">
<![CDATA[
:29  %op2 = mul nsw i32 %GG2_read, %i2_read

]]></Node>
<StgValue><ssdm name="op2"/></StgValue>
</operation>

<operation id="34" st_id="5" stage="1" lat="1">
<core>Mul</core>
<MemPortIdVec></MemPortIdVec>
<condition id="-1">
<or_exp><and_exp></and_exp></or_exp>
</condition>

<Node id="64" bw="32" op_0_bw="32" op_1_bw="32">
<![CDATA[
:46  %op21 = mul nsw i32 %op20, %G1_read

]]></Node>
<StgValue><ssdm name="op21"/></StgValue>
</operation>

<operation id="35" st_id="5" stage="1" lat="1">
<core>Mul</core>
<MemPortIdVec></MemPortIdVec>
<condition id="-1">
<or_exp><and_exp></and_exp></or_exp>
</condition>

<Node id="65" bw="32" op_0_bw="32" op_1_bw="32">
<![CDATA[
:47  %op22 = mul nsw i32 %op19, %G2_read

]]></Node>
<StgValue><ssdm name="op22"/></StgValue>
</operation>

<operation id="36" st_id="5" stage="1" lat="1">
<core>AddSub</core>
<MemPortIdVec></MemPortIdVec>
<condition id="-1">
<or_exp><and_exp></and_exp></or_exp>
</condition>

<Node id="70" bw="32" op_0_bw="32" op_1_bw="32">
<![CDATA[
:52  %tmp = add i32 %op20, %i1_read

]]></Node>
<StgValue><ssdm name="tmp"/></StgValue>
</operation>

<operation id="37" st_id="5" stage="1" lat="1">
<core>AddSub</core>
<MemPortIdVec></MemPortIdVec>
<condition id="-1">
<or_exp><and_exp></and_exp></or_exp>
</condition>

<Node id="72" bw="32" op_0_bw="32" op_1_bw="32">
<![CDATA[
:54  %tmp2 = add i32 %op19, %i2_read

]]></Node>
<StgValue><ssdm name="tmp2"/></StgValue>
</operation>
</state>

<state id="6" st_id="6">

<operation id="38" st_id="6" stage="1" lat="1">
<core>TAddSub</core>
<MemPortIdVec></MemPortIdVec>
<condition id="-1">
<or_exp><and_exp></and_exp></or_exp>
</condition>

<Node id="66" bw="32" op_0_bw="32" op_1_bw="32">
<![CDATA[
:48  %add_ln41 = add i32 %op1, %op22

]]></Node>
<StgValue><ssdm name="add_ln41"/></StgValue>
</operation>

<operation id="39" st_id="6" stage="1" lat="1">
<core>AddSub</core>
<MemPortIdVec></MemPortIdVec>
<condition id="-1">
<or_exp><and_exp></and_exp></or_exp>
</condition>

<Node id="67" bw="32" op_0_bw="32" op_1_bw="32">
<![CDATA[
:49  %add_ln41_1 = add i32 %op2, %op21

]]></Node>
<StgValue><ssdm name="add_ln41_1"/></StgValue>
</operation>

<operation id="40" st_id="6" stage="1" lat="1">
<core>TAddSub</core>
<MemPortIdVec></MemPortIdVec>
<condition id="-1">
<or_exp><and_exp></and_exp></or_exp>
</condition>

<Node id="68" bw="32" op_0_bw="32" op_1_bw="32">
<![CDATA[
:50  %op27 = add i32 %add_ln41_1, %add_ln41

]]></Node>
<StgValue><ssdm name="op27"/></StgValue>
</operation>

<operation id="41" st_id="6" stage="1" lat="1">
<core>Mul</core>
<MemPortIdVec></MemPortIdVec>
<condition id="-1">
<or_exp><and_exp></and_exp></or_exp>
</condition>

<Node id="71" bw="32" op_0_bw="32" op_1_bw="32">
<![CDATA[
:53  %tmp1 = mul i32 %tmp, %G2_read

]]></Node>
<StgValue><ssdm name="tmp1"/></StgValue>
</operation>

<operation id="42" st_id="6" stage="1" lat="1">
<core>Mul</core>
<MemPortIdVec></MemPortIdVec>
<condition id="-1">
<or_exp><and_exp></and_exp></or_exp>
</condition>

<Node id="73" bw="32" op_0_bw="32" op_1_bw="32">
<![CDATA[
:55  %tmp3 = mul i32 %tmp2, %G1_read

]]></Node>
<StgValue><ssdm name="tmp3"/></StgValue>
</operation>
</state>

<state id="7" st_id="7">

<operation id="43" st_id="7" stage="1" lat="1">
<core>NULL</core>
<MemPortIdVec></MemPortIdVec>
<condition id="-1">
<or_exp><and_exp></and_exp></or_exp>
</condition>

<Node id="18" bw="0" op_0_bw="0" op_1_bw="32">
<![CDATA[
:0  call void (...)* @_ssdm_op_SpecBitsMap(i32 %i1) nounwind, !map !7

]]></Node>
<StgValue><ssdm name="specbitsmap_ln0"/></StgValue>
</operation>

<operation id="44" st_id="7" stage="1" lat="1">
<core>NULL</core>
<MemPortIdVec></MemPortIdVec>
<condition id="-1">
<or_exp><and_exp></and_exp></or_exp>
</condition>

<Node id="19" bw="0" op_0_bw="0" op_1_bw="32">
<![CDATA[
:1  call void (...)* @_ssdm_op_SpecBitsMap(i32 %i2) nounwind, !map !13

]]></Node>
<StgValue><ssdm name="specbitsmap_ln0"/></StgValue>
</operation>

<operation id="45" st_id="7" stage="1" lat="1">
<core>NULL</core>
<MemPortIdVec></MemPortIdVec>
<condition id="-1">
<or_exp><and_exp></and_exp></or_exp>
</condition>

<Node id="20" bw="0" op_0_bw="0" op_1_bw="32">
<![CDATA[
:2  call void (...)* @_ssdm_op_SpecBitsMap(i32 %i3) nounwind, !map !17

]]></Node>
<StgValue><ssdm name="specbitsmap_ln0"/></StgValue>
</operation>

<operation id="46" st_id="7" stage="1" lat="1">
<core>NULL</core>
<MemPortIdVec></MemPortIdVec>
<condition id="-1">
<or_exp><and_exp></and_exp></or_exp>
</condition>

<Node id="21" bw="0" op_0_bw="0" op_1_bw="32">
<![CDATA[
:3  call void (...)* @_ssdm_op_SpecBitsMap(i32 %i4) nounwind, !map !21

]]></Node>
<StgValue><ssdm name="specbitsmap_ln0"/></StgValue>
</operation>

<operation id="47" st_id="7" stage="1" lat="1">
<core>NULL</core>
<MemPortIdVec></MemPortIdVec>
<condition id="-1">
<or_exp><and_exp></and_exp></or_exp>
</condition>

<Node id="22" bw="0" op_0_bw="0" op_1_bw="32">
<![CDATA[
:4  call void (...)* @_ssdm_op_SpecBitsMap(i32 %i5) nounwind, !map !25

]]></Node>
<StgValue><ssdm name="specbitsmap_ln0"/></StgValue>
</operation>

<operation id="48" st_id="7" stage="1" lat="1">
<core>NULL</core>
<MemPortIdVec></MemPortIdVec>
<condition id="-1">
<or_exp><and_exp></and_exp></or_exp>
</condition>

<Node id="23" bw="0" op_0_bw="0" op_1_bw="32">
<![CDATA[
:5  call void (...)* @_ssdm_op_SpecBitsMap(i32 %i6) nounwind, !map !29

]]></Node>
<StgValue><ssdm name="specbitsmap_ln0"/></StgValue>
</operation>

<operation id="49" st_id="7" stage="1" lat="1">
<core>NULL</core>
<MemPortIdVec></MemPortIdVec>
<condition id="-1">
<or_exp><and_exp></and_exp></or_exp>
</condition>

<Node id="24" bw="0" op_0_bw="0" op_1_bw="32">
<![CDATA[
:6  call void (...)* @_ssdm_op_SpecBitsMap(i32* %o1) nounwind, !map !33

]]></Node>
<StgValue><ssdm name="specbitsmap_ln0"/></StgValue>
</operation>

<operation id="50" st_id="7" stage="1" lat="1">
<core>NULL</core>
<MemPortIdVec></MemPortIdVec>
<condition id="-1">
<or_exp><and_exp></and_exp></or_exp>
</condition>

<Node id="25" bw="0" op_0_bw="0" op_1_bw="32">
<![CDATA[
:7  call void (...)* @_ssdm_op_SpecBitsMap(i32* %o2) nounwind, !map !39

]]></Node>
<StgValue><ssdm name="specbitsmap_ln0"/></StgValue>
</operation>

<operation id="51" st_id="7" stage="1" lat="1">
<core>NULL</core>
<MemPortIdVec></MemPortIdVec>
<condition id="-1">
<or_exp><and_exp></and_exp></or_exp>
</condition>

<Node id="26" bw="0" op_0_bw="0" op_1_bw="32">
<![CDATA[
:8  call void (...)* @_ssdm_op_SpecBitsMap(i32* %o3) nounwind, !map !43

]]></Node>
<StgValue><ssdm name="specbitsmap_ln0"/></StgValue>
</operation>

<operation id="52" st_id="7" stage="1" lat="1">
<core>NULL</core>
<MemPortIdVec></MemPortIdVec>
<condition id="-1">
<or_exp><and_exp></and_exp></or_exp>
</condition>

<Node id="27" bw="0" op_0_bw="0" op_1_bw="32">
<![CDATA[
:9  call void (...)* @_ssdm_op_SpecBitsMap(i32* %o4) nounwind, !map !47

]]></Node>
<StgValue><ssdm name="specbitsmap_ln0"/></StgValue>
</operation>

<operation id="53" st_id="7" stage="1" lat="1">
<core>NULL</core>
<MemPortIdVec></MemPortIdVec>
<condition id="-1">
<or_exp><and_exp></and_exp></or_exp>
</condition>

<Node id="28" bw="0" op_0_bw="0" op_1_bw="32">
<![CDATA[
:10  call void (...)* @_ssdm_op_SpecBitsMap(i32 %G1) nounwind, !map !51

]]></Node>
<StgValue><ssdm name="specbitsmap_ln0"/></StgValue>
</operation>

<operation id="54" st_id="7" stage="1" lat="1">
<core>NULL</core>
<MemPortIdVec></MemPortIdVec>
<condition id="-1">
<or_exp><and_exp></and_exp></or_exp>
</condition>

<Node id="29" bw="0" op_0_bw="0" op_1_bw="32">
<![CDATA[
:11  call void (...)* @_ssdm_op_SpecBitsMap(i32 %G2) nounwind, !map !55

]]></Node>
<StgValue><ssdm name="specbitsmap_ln0"/></StgValue>
</operation>

<operation id="55" st_id="7" stage="1" lat="1">
<core>NULL</core>
<MemPortIdVec></MemPortIdVec>
<condition id="-1">
<or_exp><and_exp></and_exp></or_exp>
</condition>

<Node id="30" bw="0" op_0_bw="0" op_1_bw="32">
<![CDATA[
:12  call void (...)* @_ssdm_op_SpecBitsMap(i32 %G3) nounwind, !map !59

]]></Node>
<StgValue><ssdm name="specbitsmap_ln0"/></StgValue>
</operation>

<operation id="56" st_id="7" stage="1" lat="1">
<core>NULL</core>
<MemPortIdVec></MemPortIdVec>
<condition id="-1">
<or_exp><and_exp></and_exp></or_exp>
</condition>

<Node id="31" bw="0" op_0_bw="0" op_1_bw="32">
<![CDATA[
:13  call void (...)* @_ssdm_op_SpecBitsMap(i32 %G4) nounwind, !map !63

]]></Node>
<StgValue><ssdm name="specbitsmap_ln0"/></StgValue>
</operation>

<operation id="57" st_id="7" stage="1" lat="1">
<core>NULL</core>
<MemPortIdVec></MemPortIdVec>
<condition id="-1">
<or_exp><and_exp></and_exp></or_exp>
</condition>

<Node id="32" bw="0" op_0_bw="0" op_1_bw="32">
<![CDATA[
:14  call void (...)* @_ssdm_op_SpecBitsMap(i32 %GG1) nounwind, !map !67

]]></Node>
<StgValue><ssdm name="specbitsmap_ln0"/></StgValue>
</operation>

<operation id="58" st_id="7" stage="1" lat="1">
<core>NULL</core>
<MemPortIdVec></MemPortIdVec>
<condition id="-1">
<or_exp><and_exp></and_exp></or_exp>
</condition>

<Node id="33" bw="0" op_0_bw="0" op_1_bw="32">
<![CDATA[
:15  call void (...)* @_ssdm_op_SpecBitsMap(i32 %GG2) nounwind, !map !71

]]></Node>
<StgValue><ssdm name="specbitsmap_ln0"/></StgValue>
</operation>

<operation id="59" st_id="7" stage="1" lat="1">
<core>NULL</core>
<MemPortIdVec></MemPortIdVec>
<condition id="-1">
<or_exp><and_exp></and_exp></or_exp>
</condition>

<Node id="34" bw="0" op_0_bw="0" op_1_bw="32">
<![CDATA[
:16  call void (...)* @_ssdm_op_SpecBitsMap(i32* %ap_return1) nounwind, !map !75

]]></Node>
<StgValue><ssdm name="specbitsmap_ln0"/></StgValue>
</operation>

<operation id="60" st_id="7" stage="1" lat="1">
<core>NULL</core>
<MemPortIdVec></MemPortIdVec>
<condition id="-1">
<or_exp><and_exp></and_exp></or_exp>
</condition>

<Node id="35" bw="0" op_0_bw="0" op_1_bw="0">
<![CDATA[
:17  call void (...)* @_ssdm_op_SpecTopModule([9 x i8]* @hls_macc_str) nounwind

]]></Node>
<StgValue><ssdm name="spectopmodule_ln0"/></StgValue>
</operation>

<operation id="61" st_id="7" stage="1" lat="1">
<core>NULL</core>
<MemPortIdVec></MemPortIdVec>
<condition id="-1">
<or_exp><and_exp></and_exp></or_exp>
</condition>

<Node id="54" bw="0" op_0_bw="0" op_1_bw="32" op_2_bw="32">
<![CDATA[
:36  call void @_ssdm_op_Write.ap_auto.i32P(i32* %o1, i32 %op13) nounwind

]]></Node>
<StgValue><ssdm name="write_ln26"/></StgValue>
</operation>

<operation id="62" st_id="7" stage="1" lat="1">
<core>NULL</core>
<MemPortIdVec></MemPortIdVec>
<condition id="-1">
<or_exp><and_exp></and_exp></or_exp>
</condition>

<Node id="57" bw="0" op_0_bw="0" op_1_bw="32" op_2_bw="32">
<![CDATA[
:39  call void @_ssdm_op_Write.ap_auto.i32P(i32* %o2, i32 %op14) nounwind

]]></Node>
<StgValue><ssdm name="write_ln28"/></StgValue>
</operation>

<operation id="63" st_id="7" stage="1" lat="1">
<core>NULL</core>
<MemPortIdVec></MemPortIdVec>
<condition id="-1">
<or_exp><and_exp></and_exp></or_exp>
</condition>

<Node id="69" bw="0" op_0_bw="0" op_1_bw="32" op_2_bw="32">
<![CDATA[
:51  call void @_ssdm_op_Write.ap_auto.i32P(i32* %o3, i32 %op27) nounwind

]]></Node>
<StgValue><ssdm name="write_ln42"/></StgValue>
</operation>

<operation id="64" st_id="7" stage="1" lat="1">
<core>AddSub</core>
<MemPortIdVec></MemPortIdVec>
<condition id="-1">
<or_exp><and_exp></and_exp></or_exp>
</condition>

<Node id="74" bw="32" op_0_bw="32" op_1_bw="32">
<![CDATA[
:56  %op28 = add i32 %tmp3, %tmp1

]]></Node>
<StgValue><ssdm name="op28"/></StgValue>
</operation>

<operation id="65" st_id="7" stage="1" lat="1">
<core>NULL</core>
<MemPortIdVec></MemPortIdVec>
<condition id="-1">
<or_exp><and_exp></and_exp></or_exp>
</condition>

<Node id="75" bw="0" op_0_bw="0" op_1_bw="32" op_2_bw="32">
<![CDATA[
:57  call void @_ssdm_op_Write.ap_auto.i32P(i32* %o4, i32 %op28) nounwind

]]></Node>
<StgValue><ssdm name="write_ln44"/></StgValue>
</operation>

<operation id="66" st_id="7" stage="1" lat="1">
<core>TAddSub</core>
<MemPortIdVec></MemPortIdVec>
<condition id="-1">
<or_exp><and_exp></and_exp></or_exp>
</condition>

<Node id="76" bw="32" op_0_bw="32" op_1_bw="32">
<![CDATA[
:58  %add_ln46 = add i32 %op13, %op28

]]></Node>
<StgValue><ssdm name="add_ln46"/></StgValue>
</operation>

<operation id="67" st_id="7" stage="1" lat="1">
<core>AddSub</core>
<MemPortIdVec></MemPortIdVec>
<condition id="-1">
<or_exp><and_exp></and_exp></or_exp>
</condition>

<Node id="77" bw="32" op_0_bw="32" op_1_bw="32">
<![CDATA[
:59  %add_ln46_1 = add i32 %op14, %op27

]]></Node>
<StgValue><ssdm name="add_ln46_1"/></StgValue>
</operation>

<operation id="68" st_id="7" stage="1" lat="1">
<core>TAddSub</core>
<MemPortIdVec></MemPortIdVec>
<condition id="-1">
<or_exp><and_exp></and_exp></or_exp>
</condition>

<Node id="78" bw="32" op_0_bw="32" op_1_bw="32">
<![CDATA[
:60  %add_ln46_2 = add i32 %add_ln46_1, %add_ln46

]]></Node>
<StgValue><ssdm name="add_ln46_2"/></StgValue>
</operation>

<operation id="69" st_id="7" stage="1" lat="1">
<core>NULL</core>
<MemPortIdVec></MemPortIdVec>
<condition id="-1">
<or_exp><and_exp></and_exp></or_exp>
</condition>

<Node id="79" bw="0" op_0_bw="0" op_1_bw="32" op_2_bw="32">
<![CDATA[
:61  call void @_ssdm_op_Write.ap_auto.i32P(i32* %ap_return1, i32 %add_ln46_2) nounwind

]]></Node>
<StgValue><ssdm name="write_ln46"/></StgValue>
</operation>

<operation id="70" st_id="7" stage="1" lat="1">
<core>NULL</core>
<MemPortIdVec></MemPortIdVec>
<condition id="-1">
<or_exp><and_exp></and_exp></or_exp>
</condition>

<Node id="80" bw="0">
<![CDATA[
:62  ret void

]]></Node>
<StgValue><ssdm name="ret_ln47"/></StgValue>
</operation>
</state>
</state_list>


<ports>
<port id="77" name="i1" dir="0" iftype="0">
<core>NULL</core><StgValue><ssdm name="i1"/></StgValue>
</port>
<port id="78" name="i2" dir="0" iftype="0">
<core>NULL</core><StgValue><ssdm name="i2"/></StgValue>
</port>
<port id="79" name="i3" dir="0" iftype="0">
<core>NULL</core><StgValue><ssdm name="i3"/></StgValue>
</port>
<port id="80" name="i4" dir="0" iftype="0">
<core>NULL</core><StgValue><ssdm name="i4"/></StgValue>
</port>
<port id="81" name="i5" dir="0" iftype="0">
<core>NULL</core><StgValue><ssdm name="i5"/></StgValue>
</port>
<port id="82" name="i6" dir="0" iftype="0">
<core>NULL</core><StgValue><ssdm name="i6"/></StgValue>
</port>
<port id="83" name="o1" dir="1" iftype="0">
<core>NULL</core><StgValue><ssdm name="o1"/></StgValue>
</port>
<port id="84" name="o2" dir="1" iftype="0">
<core>NULL</core><StgValue><ssdm name="o2"/></StgValue>
</port>
<port id="85" name="o3" dir="1" iftype="0">
<core>NULL</core><StgValue><ssdm name="o3"/></StgValue>
</port>
<port id="86" name="o4" dir="1" iftype="0">
<core>NULL</core><StgValue><ssdm name="o4"/></StgValue>
</port>
<port id="87" name="G1" dir="0" iftype="0">
<core>NULL</core><StgValue><ssdm name="G1"/></StgValue>
</port>
<port id="88" name="G2" dir="0" iftype="0">
<core>NULL</core><StgValue><ssdm name="G2"/></StgValue>
</port>
<port id="89" name="G3" dir="0" iftype="0">
<core>NULL</core><StgValue><ssdm name="G3"/></StgValue>
</port>
<port id="90" name="G4" dir="0" iftype="0">
<core>NULL</core><StgValue><ssdm name="G4"/></StgValue>
</port>
<port id="91" name="GG1" dir="0" iftype="0">
<core>NULL</core><StgValue><ssdm name="GG1"/></StgValue>
</port>
<port id="92" name="GG2" dir="0" iftype="0">
<core>NULL</core><StgValue><ssdm name="GG2"/></StgValue>
</port>
<port id="93" name="ap_return1" dir="1" iftype="0">
<core>NULL</core><StgValue><ssdm name="ap_return1"/></StgValue>
</port>
</ports>


<dataflows>
<dataflow id="95" from="_ssdm_op_Read.ap_auto.i32" to="G2_read" fromId="94" toId="8">
</dataflow>
<dataflow id="96" from="G2" to="G2_read" fromId="88" toId="8">
</dataflow>
<dataflow id="97" from="_ssdm_op_Read.ap_auto.i32" to="G1_read" fromId="94" toId="9">
</dataflow>
<dataflow id="98" from="G1" to="G1_read" fromId="87" toId="9">
</dataflow>
<dataflow id="99" from="_ssdm_op_Read.ap_auto.i32" to="i4_read" fromId="94" toId="10">
</dataflow>
<dataflow id="100" from="i4" to="i4_read" fromId="80" toId="10">
</dataflow>
<dataflow id="101" from="_ssdm_op_Read.ap_auto.i32" to="i3_read" fromId="94" toId="11">
</dataflow>
<dataflow id="102" from="i3" to="i3_read" fromId="79" toId="11">
</dataflow>
<dataflow id="103" from="G1_read" to="op5" fromId="9" toId="12">
</dataflow>
<dataflow id="104" from="i3_read" to="op5" fromId="11" toId="12">
</dataflow>
<dataflow id="105" from="G2_read" to="op6" fromId="8" toId="13">
</dataflow>
<dataflow id="106" from="i4_read" to="op6" fromId="10" toId="13">
</dataflow>
<dataflow id="107" from="G1_read" to="op7" fromId="9" toId="14">
</dataflow>
<dataflow id="108" from="i4_read" to="op7" fromId="10" toId="14">
</dataflow>
<dataflow id="109" from="G2_read" to="op8" fromId="8" toId="15">
</dataflow>
<dataflow id="110" from="i3_read" to="op8" fromId="11" toId="15">
</dataflow>
<dataflow id="111" from="_ssdm_op_Read.ap_auto.i32" to="i6_read" fromId="94" toId="16">
</dataflow>
<dataflow id="112" from="i6" to="i6_read" fromId="82" toId="16">
</dataflow>
<dataflow id="113" from="_ssdm_op_Read.ap_auto.i32" to="i5_read" fromId="94" toId="17">
</dataflow>
<dataflow id="114" from="i5" to="i5_read" fromId="81" toId="17">
</dataflow>
<dataflow id="115" from="op6" to="add_ln25" fromId="13" toId="18">
</dataflow>
<dataflow id="116" from="i5_read" to="add_ln25" fromId="17" toId="18">
</dataflow>
<dataflow id="117" from="add_ln25" to="op13" fromId="18" toId="19">
</dataflow>
<dataflow id="118" from="op5" to="op13" fromId="12" toId="19">
</dataflow>
<dataflow id="119" from="op8" to="add_ln27" fromId="15" toId="20">
</dataflow>
<dataflow id="120" from="i6_read" to="add_ln27" fromId="16" toId="20">
</dataflow>
<dataflow id="121" from="add_ln27" to="op14" fromId="20" toId="21">
</dataflow>
<dataflow id="122" from="op7" to="op14" fromId="14" toId="21">
</dataflow>
<dataflow id="123" from="op13" to="op17" fromId="19" toId="22">
</dataflow>
<dataflow id="124" from="G1_read" to="op17" fromId="9" toId="22">
</dataflow>
<dataflow id="125" from="op14" to="op18" fromId="21" toId="23">
</dataflow>
<dataflow id="126" from="G2_read" to="op18" fromId="8" toId="23">
</dataflow>
<dataflow id="127" from="op14" to="mul_ln33" fromId="21" toId="24">
</dataflow>
<dataflow id="128" from="G1_read" to="mul_ln33" fromId="9" toId="24">
</dataflow>
<dataflow id="129" from="op13" to="mul_ln33_1" fromId="19" toId="25">
</dataflow>
<dataflow id="130" from="G2_read" to="mul_ln33_1" fromId="8" toId="25">
</dataflow>
<dataflow id="131" from="mul_ln33_1" to="op19" fromId="25" toId="26">
</dataflow>
<dataflow id="132" from="mul_ln33" to="op19" fromId="24" toId="26">
</dataflow>
<dataflow id="133" from="op17" to="op20" fromId="22" toId="27">
</dataflow>
<dataflow id="134" from="op18" to="op20" fromId="23" toId="27">
</dataflow>
<dataflow id="135" from="_ssdm_op_Read.ap_auto.i32" to="GG2_read" fromId="94" toId="28">
</dataflow>
<dataflow id="136" from="GG2" to="GG2_read" fromId="92" toId="28">
</dataflow>
<dataflow id="137" from="_ssdm_op_Read.ap_auto.i32" to="GG1_read" fromId="94" toId="29">
</dataflow>
<dataflow id="138" from="GG1" to="GG1_read" fromId="91" toId="29">
</dataflow>
<dataflow id="139" from="_ssdm_op_Read.ap_auto.i32" to="i2_read" fromId="94" toId="30">
</dataflow>
<dataflow id="140" from="i2" to="i2_read" fromId="78" toId="30">
</dataflow>
<dataflow id="141" from="_ssdm_op_Read.ap_auto.i32" to="i1_read" fromId="94" toId="31">
</dataflow>
<dataflow id="142" from="i1" to="i1_read" fromId="77" toId="31">
</dataflow>
<dataflow id="143" from="GG1_read" to="op1" fromId="29" toId="32">
</dataflow>
<dataflow id="144" from="i1_read" to="op1" fromId="31" toId="32">
</dataflow>
<dataflow id="145" from="GG2_read" to="op2" fromId="28" toId="33">
</dataflow>
<dataflow id="146" from="i2_read" to="op2" fromId="30" toId="33">
</dataflow>
<dataflow id="147" from="op20" to="op21" fromId="27" toId="34">
</dataflow>
<dataflow id="148" from="G1_read" to="op21" fromId="9" toId="34">
</dataflow>
<dataflow id="149" from="op19" to="op22" fromId="26" toId="35">
</dataflow>
<dataflow id="150" from="G2_read" to="op22" fromId="8" toId="35">
</dataflow>
<dataflow id="151" from="op20" to="tmp" fromId="27" toId="36">
</dataflow>
<dataflow id="152" from="i1_read" to="tmp" fromId="31" toId="36">
</dataflow>
<dataflow id="153" from="op19" to="tmp2" fromId="26" toId="37">
</dataflow>
<dataflow id="154" from="i2_read" to="tmp2" fromId="30" toId="37">
</dataflow>
<dataflow id="155" from="op1" to="add_ln41" fromId="32" toId="38">
</dataflow>
<dataflow id="156" from="op22" to="add_ln41" fromId="35" toId="38">
</dataflow>
<dataflow id="157" from="op2" to="add_ln41_1" fromId="33" toId="39">
</dataflow>
<dataflow id="158" from="op21" to="add_ln41_1" fromId="34" toId="39">
</dataflow>
<dataflow id="159" from="add_ln41_1" to="op27" fromId="39" toId="40">
</dataflow>
<dataflow id="160" from="add_ln41" to="op27" fromId="38" toId="40">
</dataflow>
<dataflow id="161" from="tmp" to="tmp1" fromId="36" toId="41">
</dataflow>
<dataflow id="162" from="G2_read" to="tmp1" fromId="8" toId="41">
</dataflow>
<dataflow id="163" from="tmp2" to="tmp3" fromId="37" toId="42">
</dataflow>
<dataflow id="164" from="G1_read" to="tmp3" fromId="9" toId="42">
</dataflow>
<dataflow id="166" from="_ssdm_op_SpecBitsMap" to="specbitsmap_ln0" fromId="165" toId="43">
</dataflow>
<dataflow id="167" from="i1" to="specbitsmap_ln0" fromId="77" toId="43">
</dataflow>
<dataflow id="168" from="_ssdm_op_SpecBitsMap" to="specbitsmap_ln0" fromId="165" toId="44">
</dataflow>
<dataflow id="169" from="i2" to="specbitsmap_ln0" fromId="78" toId="44">
</dataflow>
<dataflow id="170" from="_ssdm_op_SpecBitsMap" to="specbitsmap_ln0" fromId="165" toId="45">
</dataflow>
<dataflow id="171" from="i3" to="specbitsmap_ln0" fromId="79" toId="45">
</dataflow>
<dataflow id="172" from="_ssdm_op_SpecBitsMap" to="specbitsmap_ln0" fromId="165" toId="46">
</dataflow>
<dataflow id="173" from="i4" to="specbitsmap_ln0" fromId="80" toId="46">
</dataflow>
<dataflow id="174" from="_ssdm_op_SpecBitsMap" to="specbitsmap_ln0" fromId="165" toId="47">
</dataflow>
<dataflow id="175" from="i5" to="specbitsmap_ln0" fromId="81" toId="47">
</dataflow>
<dataflow id="176" from="_ssdm_op_SpecBitsMap" to="specbitsmap_ln0" fromId="165" toId="48">
</dataflow>
<dataflow id="177" from="i6" to="specbitsmap_ln0" fromId="82" toId="48">
</dataflow>
<dataflow id="178" from="_ssdm_op_SpecBitsMap" to="specbitsmap_ln0" fromId="165" toId="49">
</dataflow>
<dataflow id="179" from="o1" to="specbitsmap_ln0" fromId="83" toId="49">
</dataflow>
<dataflow id="180" from="_ssdm_op_SpecBitsMap" to="specbitsmap_ln0" fromId="165" toId="50">
</dataflow>
<dataflow id="181" from="o2" to="specbitsmap_ln0" fromId="84" toId="50">
</dataflow>
<dataflow id="182" from="_ssdm_op_SpecBitsMap" to="specbitsmap_ln0" fromId="165" toId="51">
</dataflow>
<dataflow id="183" from="o3" to="specbitsmap_ln0" fromId="85" toId="51">
</dataflow>
<dataflow id="184" from="_ssdm_op_SpecBitsMap" to="specbitsmap_ln0" fromId="165" toId="52">
</dataflow>
<dataflow id="185" from="o4" to="specbitsmap_ln0" fromId="86" toId="52">
</dataflow>
<dataflow id="186" from="_ssdm_op_SpecBitsMap" to="specbitsmap_ln0" fromId="165" toId="53">
</dataflow>
<dataflow id="187" from="G1" to="specbitsmap_ln0" fromId="87" toId="53">
</dataflow>
<dataflow id="188" from="_ssdm_op_SpecBitsMap" to="specbitsmap_ln0" fromId="165" toId="54">
</dataflow>
<dataflow id="189" from="G2" to="specbitsmap_ln0" fromId="88" toId="54">
</dataflow>
<dataflow id="190" from="_ssdm_op_SpecBitsMap" to="specbitsmap_ln0" fromId="165" toId="55">
</dataflow>
<dataflow id="191" from="G3" to="specbitsmap_ln0" fromId="89" toId="55">
</dataflow>
<dataflow id="192" from="_ssdm_op_SpecBitsMap" to="specbitsmap_ln0" fromId="165" toId="56">
</dataflow>
<dataflow id="193" from="G4" to="specbitsmap_ln0" fromId="90" toId="56">
</dataflow>
<dataflow id="194" from="_ssdm_op_SpecBitsMap" to="specbitsmap_ln0" fromId="165" toId="57">
</dataflow>
<dataflow id="195" from="GG1" to="specbitsmap_ln0" fromId="91" toId="57">
</dataflow>
<dataflow id="196" from="_ssdm_op_SpecBitsMap" to="specbitsmap_ln0" fromId="165" toId="58">
</dataflow>
<dataflow id="197" from="GG2" to="specbitsmap_ln0" fromId="92" toId="58">
</dataflow>
<dataflow id="198" from="_ssdm_op_SpecBitsMap" to="specbitsmap_ln0" fromId="165" toId="59">
</dataflow>
<dataflow id="199" from="ap_return1" to="specbitsmap_ln0" fromId="93" toId="59">
</dataflow>
<dataflow id="201" from="_ssdm_op_SpecTopModule" to="spectopmodule_ln0" fromId="200" toId="60">
</dataflow>
<dataflow id="203" from="hls_macc_str" to="spectopmodule_ln0" fromId="202" toId="60">
</dataflow>
<dataflow id="205" from="_ssdm_op_Write.ap_auto.i32P" to="write_ln26" fromId="204" toId="61">
</dataflow>
<dataflow id="206" from="o1" to="write_ln26" fromId="83" toId="61">
</dataflow>
<dataflow id="207" from="op13" to="write_ln26" fromId="19" toId="61">
</dataflow>
<dataflow id="208" from="_ssdm_op_Write.ap_auto.i32P" to="write_ln28" fromId="204" toId="62">
</dataflow>
<dataflow id="209" from="o2" to="write_ln28" fromId="84" toId="62">
</dataflow>
<dataflow id="210" from="op14" to="write_ln28" fromId="21" toId="62">
</dataflow>
<dataflow id="211" from="_ssdm_op_Write.ap_auto.i32P" to="write_ln42" fromId="204" toId="63">
</dataflow>
<dataflow id="212" from="o3" to="write_ln42" fromId="85" toId="63">
</dataflow>
<dataflow id="213" from="op27" to="write_ln42" fromId="40" toId="63">
</dataflow>
<dataflow id="214" from="tmp3" to="op28" fromId="42" toId="64">
</dataflow>
<dataflow id="215" from="tmp1" to="op28" fromId="41" toId="64">
</dataflow>
<dataflow id="216" from="_ssdm_op_Write.ap_auto.i32P" to="write_ln44" fromId="204" toId="65">
</dataflow>
<dataflow id="217" from="o4" to="write_ln44" fromId="86" toId="65">
</dataflow>
<dataflow id="218" from="op28" to="write_ln44" fromId="64" toId="65">
</dataflow>
<dataflow id="219" from="op13" to="add_ln46" fromId="19" toId="66">
</dataflow>
<dataflow id="220" from="op28" to="add_ln46" fromId="64" toId="66">
</dataflow>
<dataflow id="221" from="op14" to="add_ln46_1" fromId="21" toId="67">
</dataflow>
<dataflow id="222" from="op27" to="add_ln46_1" fromId="40" toId="67">
</dataflow>
<dataflow id="223" from="add_ln46_1" to="add_ln46_2" fromId="67" toId="68">
</dataflow>
<dataflow id="224" from="add_ln46" to="add_ln46_2" fromId="66" toId="68">
</dataflow>
<dataflow id="225" from="_ssdm_op_Write.ap_auto.i32P" to="write_ln46" fromId="204" toId="69">
</dataflow>
<dataflow id="226" from="ap_return1" to="write_ln46" fromId="93" toId="69">
</dataflow>
<dataflow id="227" from="add_ln46_2" to="write_ln46" fromId="68" toId="69">
</dataflow>
</dataflows>


</stg>
