<annotationInfo>
<annotationInfo>
<item  id="69" filename="hls_macc.c" linenumber="9" name="t5" contextFuncName="hls_macc" moduleName="hls_macc" rtlName="t5_fu_216_p2" latency="0" BRAM="-1" DSP="-1" FF="0" LUT="39" fileDirectory="C:\Users\vivek\Music\waka"><\/item>
<item  id="70" filename="hls_macc.c" linenumber="11" name="sub_ln11" contextFuncName="hls_macc" moduleName="hls_macc" rtlName="sub_ln11_fu_222_p2" latency="0" BRAM="-1" DSP="-1" FF="-1" LUT="-1" fileDirectory="C:\Users\vivek\Music\waka"><\/item>
<item  id="72" filename="hls_macc.c" linenumber="12" name="add_ln12" contextFuncName="hls_macc" moduleName="hls_macc" rtlName="add_ln12_fu_229_p2" latency="0" BRAM="-1" DSP="-1" FF="0" LUT="32" fileDirectory="C:\Users\vivek\Music\waka"><\/item>
<item  id="73" filename="hls_macc.c" linenumber="12" name="t11" contextFuncName="hls_macc" moduleName="hls_macc" rtlName="t11_fu_235_p2" latency="0" BRAM="-1" DSP="-1" FF="0" LUT="32" fileDirectory="C:\Users\vivek\Music\waka"><\/item>
<item  id="74" filename="hls_macc.c" linenumber="13" name="icmp_ln13" contextFuncName="hls_macc" moduleName="hls_macc" rtlName="icmp_ln13_fu_241_p2" latency="0" BRAM="-1" DSP="-1" FF="0" LUT="18" fileDirectory="C:\Users\vivek\Music\waka"><\/item>
<item  id="77" filename="hls_macc.c" linenumber="18" name="icmp_ln18" contextFuncName="hls_macc" moduleName="hls_macc" rtlName="icmp_ln18_fu_247_p2" latency="0" BRAM="-1" DSP="-1" FF="0" LUT="18" fileDirectory="C:\Users\vivek\Music\waka"><\/item>
<item  id="78" filename="hls_macc.c" linenumber="21" name="add_ln21" contextFuncName="hls_macc" moduleName="hls_macc" rtlName="add_ln21_fu_253_p2" latency="0" BRAM="-1" DSP="-1" FF="0" LUT="32" fileDirectory="C:\Users\vivek\Music\waka"><\/item>
<item  id="79" filename="hls_macc.c" linenumber="21" name="t23" contextFuncName="hls_macc" moduleName="hls_macc" rtlName="t23_fu_259_p2" latency="0" BRAM="-1" DSP="-1" FF="0" LUT="32" fileDirectory="C:\Users\vivek\Music\waka"><\/item>
<item  id="80" filename="hls_macc.c" linenumber="22" name="t25" contextFuncName="hls_macc" moduleName="hls_macc" rtlName="t25_fu_283_p2" latency="0" BRAM="-1" DSP="-1" FF="0" LUT="32" fileDirectory="C:\Users\vivek\Music\waka"><\/item>
<item  id="81" filename="hls_macc.c" linenumber="23" name="t26" contextFuncName="hls_macc" moduleName="hls_macc" rtlName="t26_fu_287_p2" latency="0" BRAM="-1" DSP="-1" FF="0" LUT="32" fileDirectory="C:\Users\vivek\Music\waka"><\/item>
<item  id="82" filename="hls_macc.c" linenumber="26" name="add_ln26" contextFuncName="hls_macc" moduleName="hls_macc" rtlName="add_ln26_fu_265_p2" latency="0" BRAM="-1" DSP="-1" FF="0" LUT="32" fileDirectory="C:\Users\vivek\Music\waka"><\/item>
<item  id="83" filename="hls_macc.c" linenumber="26" name="t26_1" contextFuncName="hls_macc" moduleName="hls_macc" rtlName="t26_1_fu_271_p2" latency="0" BRAM="-1" DSP="-1" FF="0" LUT="32" fileDirectory="C:\Users\vivek\Music\waka"><\/item>
<item  id="84" filename="hls_macc.c" linenumber="18" name="t26_2" contextFuncName="hls_macc" moduleName="hls_macc" rtlName="t26_2_fu_292_p3" latency="0" BRAM="-1" DSP="-1" FF="0" LUT="32" fileDirectory="C:\Users\vivek\Music\waka"><\/item>
<item  id="85" filename="hls_macc.c" linenumber="27" name="t16_1" contextFuncName="hls_macc" moduleName="hls_macc" rtlName="t16_1_fu_298_p2" latency="0" BRAM="-1" DSP="-1" FF="0" LUT="39" fileDirectory="C:\Users\vivek\Music\waka"><\/item>
<item  id="86" filename="hls_macc.c" linenumber="28" name="add_ln28" contextFuncName="hls_macc" moduleName="hls_macc" rtlName="add_ln28_fu_303_p2" latency="0" BRAM="-1" DSP="-1" FF="0" LUT="39" fileDirectory="C:\Users\vivek\Music\waka"><\/item>
<item  id="90" filename="hls_macc.c" linenumber="14" name="t16" contextFuncName="hls_macc" moduleName="hls_macc" rtlName="t16_fu_277_p2" latency="0" BRAM="-1" DSP="-1" FF="0" LUT="39" fileDirectory="C:\Users\vivek\Music\waka"><\/item>
<item  id="94" filename="hls_macc.c" linenumber="30" name="add_ln30" contextFuncName="hls_macc" moduleName="hls_macc" rtlName="add_ln30_fu_309_p2" latency="0" BRAM="-1" DSP="-1" FF="0" LUT="39" fileDirectory="C:\Users\vivek\Music\waka"><\/item>
<item  id="97" filename="hls_macc.c" linenumber="31" name="add_ln31" contextFuncName="hls_macc" moduleName="hls_macc" rtlName="add_ln31_fu_315_p2" latency="0" BRAM="-1" DSP="-1" FF="0" LUT="32" fileDirectory="C:\Users\vivek\Music\waka"><\/item>
<item  id="98" filename="hls_macc.c" linenumber="31" name="add_ln31_1" contextFuncName="hls_macc" moduleName="hls_macc" rtlName="ap_return" latency="0" BRAM="-1" DSP="-1" FF="0" LUT="32" fileDirectory="C:\Users\vivek\Music\waka"><\/item>
<\/annotationInfo>
</annotationInfo>
