<profile>

<section name = "Vivado HLS Report for 'hls_macc'" level="0">
<item name = "Date">Wed Jan  6 12:45:55 2021
</item>
<item name = "Version">2019.2 (Build 2704478 on Wed Nov 06 22:10:23 MST 2019)</item>
<item name = "Project">waka</item>
<item name = "Solution">solution1</item>
<item name = "Product family">zynq</item>
<item name = "Target device">xc7z020-clg484-1</item>
</section>

<section name = "Performance Estimates" level="0">
<item name = "Timing">
<section name = "" level="1">
<item name = "Summary"><table name="" hasTotal="0">
<keys size="4">Clock, Target, Estimated, Uncertainty</keys>
<column name="ap_clk">10.00 ns, 8.742 ns, 1.25 ns</column>
</table>
</item>
</section>
</item>
<item name = "Latency">
<section name = "" level="1">
<item name = "Summary"><table name="" hasTotal="0">
<keys size="8">, min, max, min, max, min, max, Type</keys>
<column name="">1, 2, 10.000 ns, 20.000 ns, 1, 2, none</column>
</table>
</item>
<item name = "Detail">
<section name = "" level="1">
<item name = "Instance"><table name="" hasTotal="0">
<keys size="9">Instance, Module, min, max, min, max, min, max, Type</keys>
</table>
</item>
<item name = "Loop"><table name="" hasTotal="0">
<keys size="8">Loop Name, min, max, Latency, achieved, target, Count, Pipelined</keys>
</table>
</item>
</section>
</item>
</section>
</item>
</section>

<section name = "Utilization Estimates" level="0">
<item name = "Summary"><table name="" hasTotal="1">
<keys size="6">Name, BRAM_18K, DSP48E, FF, LUT, URAM</keys>
<column name="DSP">-, -, -, -, -</column>
<column name="Expression">-, -, 0, 622, -</column>
<column name="FIFO">-, -, -, -, -</column>
<column name="Instance">-, -, -, -, -</column>
<column name="Memory">-, -, -, -, -</column>
<column name="Multiplexer">-, -, -, 48, -</column>
<column name="Register">-, -, 165, -, -</column>
<specialColumn name="Available">280, 220, 106400, 53200, 0</specialColumn>
<specialColumn name="Utilization (%)">0, 0, ~0, 1, 0</specialColumn>
</table>
</item>
<item name = "Detail">
<section name = "" level="1">
<item name = "Instance"><table name="" hasTotal="1">
<keys size="7">Instance, Module, BRAM_18K, DSP48E, FF, LUT, URAM</keys>
</table>
</item>
<item name = "DSP48E"><table name="" hasTotal="0">
<keys size="3">Instance, Module, Expression</keys>
</table>
</item>
<item name = "Memory"><table name="" hasTotal="1">
<keys size="10">Memory, Module, BRAM_18K, FF, LUT, URAM, Words, Bits, Banks, W*Bits*Banks</keys>
</table>
</item>
<item name = "FIFO"><table name="" hasTotal="1">
<keys size="8">Name, BRAM_18K, FF, LUT, URAM, Depth, Bits, Size:D*B</keys>
</table>
</item>
<item name = "Expression"><table name="" hasTotal="1">
<keys size="7">Variable Name, Operation, DSP48E, FF, LUT, Bitwidth P0, Bitwidth P1</keys>
<column name="add_ln12_fu_229_p2">+, 0, 0, 32, 32, 32</column>
<column name="add_ln21_fu_253_p2">+, 0, 0, 32, 32, 32</column>
<column name="add_ln26_fu_265_p2">+, 0, 0, 32, 32, 32</column>
<column name="add_ln28_fu_303_p2">+, 0, 0, 39, 32, 32</column>
<column name="add_ln30_fu_309_p2">+, 0, 0, 39, 32, 32</column>
<column name="add_ln31_fu_315_p2">+, 0, 0, 32, 32, 32</column>
<column name="ap_return">+, 0, 0, 32, 32, 32</column>
<column name="t11_fu_235_p2">+, 0, 0, 32, 32, 32</column>
<column name="t23_fu_259_p2">+, 0, 0, 32, 32, 32</column>
<column name="t26_1_fu_271_p2">+, 0, 0, 32, 32, 32</column>
<column name="t26_fu_287_p2">+, 0, 0, 32, 32, 32</column>
<column name="out13">-, 0, 0, 39, 32, 32</column>
<column name="t16_1_fu_298_p2">-, 0, 0, 39, 32, 32</column>
<column name="t16_fu_277_p2">-, 0, 0, 39, 32, 32</column>
<column name="t25_fu_283_p2">-, 0, 0, 32, 32, 32</column>
<column name="t5_fu_216_p2">-, 0, 0, 39, 32, 32</column>
<column name="icmp_ln13_fu_241_p2">icmp, 0, 0, 18, 32, 32</column>
<column name="icmp_ln18_fu_247_p2">icmp, 0, 0, 18, 32, 32</column>
<column name="t26_2_fu_292_p3">select, 0, 0, 32, 1, 32</column>
</table>
</item>
<item name = "Multiplexer"><table name="" hasTotal="1">
<keys size="5">Name, LUT, Input Size, Bits, Total Bits</keys>
<column name="ap_NS_fsm">21, 4, 1, 4</column>
<column name="ap_phi_mux_t16_0_phi_fu_210_p4">9, 2, 32, 64</column>
<column name="out30_o">9, 2, 32, 64</column>
<column name="t16_0_reg_207">9, 2, 32, 64</column>
</table>
</item>
<item name = "Register"><table name="" hasTotal="1">
<keys size="5">Name, FF, LUT, Bits, Const Bits</keys>
<column name="ap_CS_fsm">3, 0, 3, 0</column>
<column name="icmp_ln13_reg_356">1, 0, 1, 0</column>
<column name="icmp_ln18_reg_360">1, 0, 1, 0</column>
<column name="sub_ln11_reg_351">32, 0, 32, 0</column>
<column name="t16_0_reg_207">32, 0, 32, 0</column>
<column name="t16_1_reg_380">32, 0, 32, 0</column>
<column name="t23_reg_365">32, 0, 32, 0</column>
<column name="t26_1_reg_370">32, 0, 32, 0</column>
</table>
</item>
</section>
</item>
</section>

<section name = "Interface" level="0">
<item name = "Summary"><table name="" hasTotal="0">
<keys size="6">RTL Ports, Dir, Bits, Protocol, Source Object, C Type</keys>
<column name="ap_clk">in, 1, ap_ctrl_hs, hls_macc, return value</column>
<column name="ap_rst">in, 1, ap_ctrl_hs, hls_macc, return value</column>
<column name="ap_start">in, 1, ap_ctrl_hs, hls_macc, return value</column>
<column name="ap_done">out, 1, ap_ctrl_hs, hls_macc, return value</column>
<column name="ap_idle">out, 1, ap_ctrl_hs, hls_macc, return value</column>
<column name="ap_ready">out, 1, ap_ctrl_hs, hls_macc, return value</column>
<column name="ap_return">out, 32, ap_ctrl_hs, hls_macc, return value</column>
<column name="in1">in, 32, ap_none, in1, scalar</column>
<column name="in2">in, 32, ap_none, in2, scalar</column>
<column name="in3">in, 32, ap_none, in3, scalar</column>
<column name="in4">in, 32, ap_none, in4, scalar</column>
<column name="in7">in, 32, ap_none, in7, scalar</column>
<column name="in8">in, 32, ap_none, in8, scalar</column>
<column name="in9">in, 32, ap_none, in9, scalar</column>
<column name="in10">in, 32, ap_none, in10, scalar</column>
<column name="in14">in, 32, ap_none, in14, scalar</column>
<column name="in12">in, 32, ap_none, in12, scalar</column>
<column name="in15">in, 32, ap_none, in15, scalar</column>
<column name="in17">in, 32, ap_none, in17, scalar</column>
<column name="in19">in, 32, ap_none, in19, scalar</column>
<column name="in20">in, 32, ap_none, in20, scalar</column>
<column name="in22">in, 32, ap_none, in22, scalar</column>
<column name="in24">in, 32, ap_none, in24, scalar</column>
<column name="in27">in, 32, ap_none, in27, scalar</column>
<column name="in28">in, 32, ap_none, in28, scalar</column>
<column name="in29">in, 32, ap_none, in29, scalar</column>
<column name="in32">in, 32, ap_none, in32, scalar</column>
<column name="out13">out, 32, ap_vld, out13, pointer</column>
<column name="out13_ap_vld">out, 1, ap_vld, out13, pointer</column>
<column name="out30_i">in, 32, ap_ovld, out30, pointer</column>
<column name="out30_o">out, 32, ap_ovld, out30, pointer</column>
<column name="out30_o_ap_vld">out, 1, ap_ovld, out30, pointer</column>
<column name="out31">out, 32, ap_vld, out31, pointer</column>
<column name="out31_ap_vld">out, 1, ap_vld, out31, pointer</column>
</table>
</item>
</section>
</profile>
