<annotationInfo>
<annotationInfo>
<item  id="9" filename="mips_fun.c" linenumber="104" name="reg" contextFuncName="check" moduleName="check" rtlName="reg_U" latency="0" BRAM="-1" DSP="-1" FF="-1" LUT="-1" fileDirectory="C:\Users\vivek\Music\mips_fun"><\/item>
<item  id="10" filename="mips_fun.c" linenumber="108" name="dmem" contextFuncName="check" moduleName="check" rtlName="dmem_U" latency="0" BRAM="-1" DSP="-1" FF="-1" LUT="-1" fileDirectory="C:\Users\vivek\Music\mips_fun"><\/item>
<item  id="14" filename="mips_fun.c" linenumber="128" name="icmp_ln128" contextFuncName="check" moduleName="check" rtlName="icmp_ln128_fu_809_p2" latency="0" BRAM="-1" DSP="-1" FF="0" LUT="11" fileDirectory="C:\Users\vivek\Music\mips_fun"><\/item>
<item  id="16" filename="mips_fun.c" linenumber="128" name="i" contextFuncName="check" moduleName="check" rtlName="i_fu_815_p2" latency="0" BRAM="-1" DSP="-1" FF="0" LUT="15" fileDirectory="C:\Users\vivek\Music\mips_fun"><\/item>
<item  id="19" filename="mips_fun.c" linenumber="130" name="zext_ln130" contextFuncName="check" moduleName="check" rtlName="zext_ln130_fu_821_p1" latency="0" BRAM="-1" DSP="-1" FF="-1" LUT="-1" fileDirectory="C:\Users\vivek\Music\mips_fun"><\/item>
<item  id="29" filename="mips_fun.c" linenumber="134" name="icmp_ln134" contextFuncName="check" moduleName="check" rtlName="icmp_ln134_fu_826_p2" latency="0" BRAM="-1" DSP="-1" FF="0" LUT="11" fileDirectory="C:\Users\vivek\Music\mips_fun"><\/item>
<item  id="31" filename="mips_fun.c" linenumber="134" name="i_2" contextFuncName="check" moduleName="check" rtlName="i_2_fu_832_p2" latency="0" BRAM="-1" DSP="-1" FF="0" LUT="15" fileDirectory="C:\Users\vivek\Music\mips_fun"><\/item>
<item  id="34" filename="mips_fun.c" linenumber="136" name="zext_ln136" contextFuncName="check" moduleName="check" rtlName="zext_ln136_fu_838_p1" latency="0" BRAM="-1" DSP="-1" FF="-1" LUT="-1" fileDirectory="C:\Users\vivek\Music\mips_fun"><\/item>
<item  id="37" filename="mips_fun.c" linenumber="136" name="sext_ln136" contextFuncName="check" moduleName="check" rtlName="sext_ln136_fu_858_p1" latency="0" BRAM="-1" DSP="-1" FF="-1" LUT="-1" fileDirectory="C:\Users\vivek\Music\mips_fun"><\/item>
<item  id="54" filename="mips_fun.c" linenumber="143" name="trunc_ln143_1" contextFuncName="check" moduleName="check" rtlName="trunc_ln143_1_fu_863_p4" latency="0" BRAM="-1" DSP="-1" FF="-1" LUT="-1" fileDirectory="C:\Users\vivek\Music\mips_fun"><\/item>
<item  id="55" filename="mips_fun.c" linenumber="143" name="zext_ln143" contextFuncName="check" moduleName="check" rtlName="zext_ln143_fu_873_p1" latency="0" BRAM="-1" DSP="-1" FF="-1" LUT="-1" fileDirectory="C:\Users\vivek\Music\mips_fun"><\/item>
<item  id="58" filename="mips_fun.c" linenumber="143" name="address" contextFuncName="check" moduleName="check" rtlName="address_fu_878_p1" latency="0" BRAM="-1" DSP="-1" FF="-1" LUT="-1" fileDirectory="C:\Users\vivek\Music\mips_fun"><\/item>
<item  id="59" filename="mips_fun.c" linenumber="143" name="funct" contextFuncName="check" moduleName="check" rtlName="funct_fu_882_p1" latency="0" BRAM="-1" DSP="-1" FF="-1" LUT="-1" fileDirectory="C:\Users\vivek\Music\mips_fun"><\/item>
<item  id="60" filename="mips_fun.c" linenumber="144" name="pc" contextFuncName="check" moduleName="check" rtlName="pc_fu_886_p2" latency="0" BRAM="-1" DSP="-1" FF="0" LUT="39" fileDirectory="C:\Users\vivek\Music\mips_fun"><\/item>
<item  id="61" filename="mips_fun.c" linenumber="146" name="tmp_1" contextFuncName="check" moduleName="check" rtlName="tmp_1_reg_1796" latency="0" BRAM="-1" DSP="-1" FF="-1" LUT="-1" fileDirectory="C:\Users\vivek\Music\mips_fun"><\/item>
<item  id="62" filename="mips_fun.c" linenumber="295" name="n_inst" contextFuncName="check" moduleName="check" rtlName="n_inst_fu_903_p2" latency="0" BRAM="-1" DSP="-1" FF="0" LUT="39" fileDirectory="C:\Users\vivek\Music\mips_fun"><\/item>
<item  id="66" filename="mips_fun.c" linenumber="232" name="trunc_ln232" contextFuncName="check" moduleName="check" rtlName="trunc_ln232_fu_909_p1" latency="0" BRAM="-1" DSP="-1" FF="-1" LUT="-1" fileDirectory="C:\Users\vivek\Music\mips_fun"><\/item>
<item  id="67" filename="mips_fun.c" linenumber="232" name="pc_2" contextFuncName="check" moduleName="check" rtlName="pc_2_fu_913_p3" latency="0" BRAM="-1" DSP="-1" FF="-1" LUT="-1" fileDirectory="C:\Users\vivek\Music\mips_fun"><\/item>
<item  id="68" filename="mips_fun.c" linenumber="232" name="zext_ln232" contextFuncName="check" moduleName="check" rtlName="zext_ln232_fu_921_p1" latency="0" BRAM="-1" DSP="-1" FF="-1" LUT="-1" fileDirectory="C:\Users\vivek\Music\mips_fun"><\/item>
<item  id="72" filename="mips_fun.c" linenumber="227" name="trunc_ln227" contextFuncName="check" moduleName="check" rtlName="trunc_ln227_fu_930_p1" latency="0" BRAM="-1" DSP="-1" FF="-1" LUT="-1" fileDirectory="C:\Users\vivek\Music\mips_fun"><\/item>
<item  id="73" filename="mips_fun.c" linenumber="227" name="pc_1" contextFuncName="check" moduleName="check" rtlName="pc_1_fu_934_p3" latency="0" BRAM="-1" DSP="-1" FF="-1" LUT="-1" fileDirectory="C:\Users\vivek\Music\mips_fun"><\/item>
<item  id="74" filename="mips_fun.c" linenumber="227" name="zext_ln227" contextFuncName="check" moduleName="check" rtlName="zext_ln227_fu_942_p1" latency="0" BRAM="-1" DSP="-1" FF="-1" LUT="-1" fileDirectory="C:\Users\vivek\Music\mips_fun"><\/item>
<item  id="78" filename="mips_fun.c" linenumber="152" name="shamt" contextFuncName="check" moduleName="check" rtlName="shamt_fu_951_p4" latency="0" BRAM="-1" DSP="-1" FF="-1" LUT="-1" fileDirectory="C:\Users\vivek\Music\mips_fun"><\/item>
<item  id="79" filename="mips_fun.c" linenumber="152" name="zext_ln152" contextFuncName="check" moduleName="check" rtlName="zext_ln152_fu_961_p1" latency="0" BRAM="-1" DSP="-1" FF="-1" LUT="-1" fileDirectory="C:\Users\vivek\Music\mips_fun"><\/item>
<item  id="80" filename="mips_fun.c" linenumber="153" name="rd" contextFuncName="check" moduleName="check" rtlName="rd_reg_1812" latency="0" BRAM="-1" DSP="-1" FF="-1" LUT="-1" fileDirectory="C:\Users\vivek\Music\mips_fun"><\/item>
<item  id="81" filename="mips_fun.c" linenumber="154" name="rt_1" contextFuncName="check" moduleName="check" rtlName="rt_reg_1952" latency="0" BRAM="-1" DSP="-1" FF="-1" LUT="-1" fileDirectory="C:\Users\vivek\Music\mips_fun"><\/item>
<item  id="82" filename="mips_fun.c" linenumber="155" name="rs_1" contextFuncName="check" moduleName="check" rtlName="grp_fu_776_p4" latency="0" BRAM="-1" DSP="-1" FF="-1" LUT="-1" fileDirectory="C:\Users\vivek\Music\mips_fun"><\/item>
<item  id="85" filename="mips_fun.c" linenumber="217" name="zext_ln217" contextFuncName="check" moduleName="check" rtlName="zext_ln217_fu_975_p1" latency="0" BRAM="-1" DSP="-1" FF="-1" LUT="-1" fileDirectory="C:\Users\vivek\Music\mips_fun"><\/item>
<item  id="91" filename="mips_fun.c" linenumber="213" name="zext_ln213" contextFuncName="check" moduleName="check" rtlName="zext_ln213_fu_980_p1" latency="0" BRAM="-1" DSP="-1" FF="-1" LUT="-1" fileDirectory="C:\Users\vivek\Music\mips_fun"><\/item>
<item  id="94" filename="mips_fun.c" linenumber="213" name="zext_ln213_1" contextFuncName="check" moduleName="check" rtlName="zext_ln213_1_fu_985_p1" latency="0" BRAM="-1" DSP="-1" FF="-1" LUT="-1" fileDirectory="C:\Users\vivek\Music\mips_fun"><\/item>
<item  id="97" filename="mips_fun.c" linenumber="213" name="icmp_ln213" contextFuncName="check" moduleName="check" rtlName="icmp_ln213_fu_1213_p2" latency="0" BRAM="-1" DSP="-1" FF="0" LUT="18" fileDirectory="C:\Users\vivek\Music\mips_fun"><\/item>
<item  id="98" filename="mips_fun.c" linenumber="213" name="zext_ln213_2" contextFuncName="check" moduleName="check" rtlName="zext_ln213_2_fu_1247_p1" latency="0" BRAM="-1" DSP="-1" FF="-1" LUT="-1" fileDirectory="C:\Users\vivek\Music\mips_fun"><\/item>
<item  id="99" filename="mips_fun.c" linenumber="213" name="zext_ln213_3" contextFuncName="check" moduleName="check" rtlName="zext_ln213_3_fu_1251_p1" latency="0" BRAM="-1" DSP="-1" FF="-1" LUT="-1" fileDirectory="C:\Users\vivek\Music\mips_fun"><\/item>
<item  id="105" filename="mips_fun.c" linenumber="210" name="zext_ln210" contextFuncName="check" moduleName="check" rtlName="zext_ln210_fu_990_p1" latency="0" BRAM="-1" DSP="-1" FF="-1" LUT="-1" fileDirectory="C:\Users\vivek\Music\mips_fun"><\/item>
<item  id="108" filename="mips_fun.c" linenumber="210" name="zext_ln210_1" contextFuncName="check" moduleName="check" rtlName="zext_ln210_1_fu_995_p1" latency="0" BRAM="-1" DSP="-1" FF="-1" LUT="-1" fileDirectory="C:\Users\vivek\Music\mips_fun"><\/item>
<item  id="111" filename="mips_fun.c" linenumber="210" name="icmp_ln210" contextFuncName="check" moduleName="check" rtlName="icmp_ln210_fu_1219_p2" latency="0" BRAM="-1" DSP="-1" FF="0" LUT="18" fileDirectory="C:\Users\vivek\Music\mips_fun"><\/item>
<item  id="112" filename="mips_fun.c" linenumber="210" name="zext_ln210_2" contextFuncName="check" moduleName="check" rtlName="zext_ln210_2_fu_1255_p1" latency="0" BRAM="-1" DSP="-1" FF="-1" LUT="-1" fileDirectory="C:\Users\vivek\Music\mips_fun"><\/item>
<item  id="113" filename="mips_fun.c" linenumber="210" name="zext_ln210_3" contextFuncName="check" moduleName="check" rtlName="zext_ln210_3_fu_1259_p1" latency="0" BRAM="-1" DSP="-1" FF="-1" LUT="-1" fileDirectory="C:\Users\vivek\Music\mips_fun"><\/item>
<item  id="119" filename="mips_fun.c" linenumber="206" name="zext_ln206" contextFuncName="check" moduleName="check" rtlName="zext_ln206_fu_1000_p1" latency="0" BRAM="-1" DSP="-1" FF="-1" LUT="-1" fileDirectory="C:\Users\vivek\Music\mips_fun"><\/item>
<item  id="122" filename="mips_fun.c" linenumber="206" name="zext_ln206_1" contextFuncName="check" moduleName="check" rtlName="zext_ln206_1_fu_1005_p1" latency="0" BRAM="-1" DSP="-1" FF="-1" LUT="-1" fileDirectory="C:\Users\vivek\Music\mips_fun"><\/item>
<item  id="125" filename="mips_fun.c" linenumber="206" name="ashr_ln206" contextFuncName="check" moduleName="check" rtlName="ashr_ln206_fu_1225_p2" latency="0" BRAM="-1" DSP="-1" FF="0" LUT="101" fileDirectory="C:\Users\vivek\Music\mips_fun"><\/item>
<item  id="126" filename="mips_fun.c" linenumber="206" name="zext_ln206_2" contextFuncName="check" moduleName="check" rtlName="zext_ln206_2_fu_1263_p1" latency="0" BRAM="-1" DSP="-1" FF="-1" LUT="-1" fileDirectory="C:\Users\vivek\Music\mips_fun"><\/item>
<item  id="132" filename="mips_fun.c" linenumber="203" name="zext_ln203" contextFuncName="check" moduleName="check" rtlName="zext_ln203_fu_1010_p1" latency="0" BRAM="-1" DSP="-1" FF="-1" LUT="-1" fileDirectory="C:\Users\vivek\Music\mips_fun"><\/item>
<item  id="135" filename="mips_fun.c" linenumber="203" name="zext_ln203_1" contextFuncName="check" moduleName="check" rtlName="zext_ln203_1_fu_1015_p1" latency="0" BRAM="-1" DSP="-1" FF="-1" LUT="-1" fileDirectory="C:\Users\vivek\Music\mips_fun"><\/item>
<item  id="138" filename="mips_fun.c" linenumber="203" name="shl_ln203" contextFuncName="check" moduleName="check" rtlName="shl_ln203_fu_1231_p2" latency="0" BRAM="-1" DSP="-1" FF="0" LUT="101" fileDirectory="C:\Users\vivek\Music\mips_fun"><\/item>
<item  id="139" filename="mips_fun.c" linenumber="203" name="zext_ln203_2" contextFuncName="check" moduleName="check" rtlName="zext_ln203_2_fu_1267_p1" latency="0" BRAM="-1" DSP="-1" FF="-1" LUT="-1" fileDirectory="C:\Users\vivek\Music\mips_fun"><\/item>
<item  id="145" filename="mips_fun.c" linenumber="200" name="zext_ln200" contextFuncName="check" moduleName="check" rtlName="zext_ln200_fu_1020_p1" latency="0" BRAM="-1" DSP="-1" FF="-1" LUT="-1" fileDirectory="C:\Users\vivek\Music\mips_fun"><\/item>
<item  id="148" filename="mips_fun.c" linenumber="200" name="ashr_ln200" contextFuncName="check" moduleName="check" rtlName="ashr_ln200_fu_1237_p2" latency="0" BRAM="-1" DSP="-1" FF="0" LUT="101" fileDirectory="C:\Users\vivek\Music\mips_fun"><\/item>
<item  id="149" filename="mips_fun.c" linenumber="200" name="zext_ln200_1" contextFuncName="check" moduleName="check" rtlName="zext_ln200_1_fu_1271_p1" latency="0" BRAM="-1" DSP="-1" FF="-1" LUT="-1" fileDirectory="C:\Users\vivek\Music\mips_fun"><\/item>
<item  id="155" filename="mips_fun.c" linenumber="197" name="zext_ln197" contextFuncName="check" moduleName="check" rtlName="zext_ln197_fu_1025_p1" latency="0" BRAM="-1" DSP="-1" FF="-1" LUT="-1" fileDirectory="C:\Users\vivek\Music\mips_fun"><\/item>
<item  id="158" filename="mips_fun.c" linenumber="197" name="shl_ln197" contextFuncName="check" moduleName="check" rtlName="shl_ln197_fu_1242_p2" latency="0" BRAM="-1" DSP="-1" FF="0" LUT="101" fileDirectory="C:\Users\vivek\Music\mips_fun"><\/item>
<item  id="159" filename="mips_fun.c" linenumber="197" name="zext_ln197_1" contextFuncName="check" moduleName="check" rtlName="zext_ln197_1_fu_1275_p1" latency="0" BRAM="-1" DSP="-1" FF="-1" LUT="-1" fileDirectory="C:\Users\vivek\Music\mips_fun"><\/item>
<item  id="165" filename="mips_fun.c" linenumber="194" name="zext_ln194" contextFuncName="check" moduleName="check" rtlName="zext_ln194_fu_1030_p1" latency="0" BRAM="-1" DSP="-1" FF="-1" LUT="-1" fileDirectory="C:\Users\vivek\Music\mips_fun"><\/item>
<item  id="168" filename="mips_fun.c" linenumber="194" name="zext_ln194_1" contextFuncName="check" moduleName="check" rtlName="zext_ln194_1_fu_1035_p1" latency="0" BRAM="-1" DSP="-1" FF="-1" LUT="-1" fileDirectory="C:\Users\vivek\Music\mips_fun"><\/item>
<item  id="171" filename="mips_fun.c" linenumber="194" name="xor_ln194" contextFuncName="check" moduleName="check" rtlName="xor_ln194_fu_1279_p2" latency="0" BRAM="-1" DSP="-1" FF="0" LUT="32" fileDirectory="C:\Users\vivek\Music\mips_fun"><\/item>
<item  id="172" filename="mips_fun.c" linenumber="194" name="zext_ln194_2" contextFuncName="check" moduleName="check" rtlName="zext_ln194_2_fu_1286_p1" latency="0" BRAM="-1" DSP="-1" FF="-1" LUT="-1" fileDirectory="C:\Users\vivek\Music\mips_fun"><\/item>
<item  id="178" filename="mips_fun.c" linenumber="191" name="zext_ln191" contextFuncName="check" moduleName="check" rtlName="zext_ln191_fu_1040_p1" latency="0" BRAM="-1" DSP="-1" FF="-1" LUT="-1" fileDirectory="C:\Users\vivek\Music\mips_fun"><\/item>
<item  id="181" filename="mips_fun.c" linenumber="191" name="zext_ln191_1" contextFuncName="check" moduleName="check" rtlName="zext_ln191_1_fu_1045_p1" latency="0" BRAM="-1" DSP="-1" FF="-1" LUT="-1" fileDirectory="C:\Users\vivek\Music\mips_fun"><\/item>
<item  id="184" filename="mips_fun.c" linenumber="191" name="or_ln191" contextFuncName="check" moduleName="check" rtlName="or_ln191_fu_1290_p2" latency="0" BRAM="-1" DSP="-1" FF="0" LUT="32" fileDirectory="C:\Users\vivek\Music\mips_fun"><\/item>
<item  id="185" filename="mips_fun.c" linenumber="191" name="zext_ln191_2" contextFuncName="check" moduleName="check" rtlName="zext_ln191_2_fu_1297_p1" latency="0" BRAM="-1" DSP="-1" FF="-1" LUT="-1" fileDirectory="C:\Users\vivek\Music\mips_fun"><\/item>
<item  id="191" filename="mips_fun.c" linenumber="188" name="zext_ln188" contextFuncName="check" moduleName="check" rtlName="zext_ln188_fu_1050_p1" latency="0" BRAM="-1" DSP="-1" FF="-1" LUT="-1" fileDirectory="C:\Users\vivek\Music\mips_fun"><\/item>
<item  id="194" filename="mips_fun.c" linenumber="188" name="zext_ln188_1" contextFuncName="check" moduleName="check" rtlName="zext_ln188_1_fu_1055_p1" latency="0" BRAM="-1" DSP="-1" FF="-1" LUT="-1" fileDirectory="C:\Users\vivek\Music\mips_fun"><\/item>
<item  id="197" filename="mips_fun.c" linenumber="188" name="and_ln188" contextFuncName="check" moduleName="check" rtlName="and_ln188_fu_1301_p2" latency="0" BRAM="-1" DSP="-1" FF="0" LUT="32" fileDirectory="C:\Users\vivek\Music\mips_fun"><\/item>
<item  id="198" filename="mips_fun.c" linenumber="188" name="zext_ln188_2" contextFuncName="check" moduleName="check" rtlName="zext_ln188_2_fu_1308_p1" latency="0" BRAM="-1" DSP="-1" FF="-1" LUT="-1" fileDirectory="C:\Users\vivek\Music\mips_fun"><\/item>
<item  id="205" filename="mips_fun.c" linenumber="184" name="zext_ln184" contextFuncName="check" moduleName="check" rtlName="zext_ln184_fu_1064_p1" latency="0" BRAM="-1" DSP="-1" FF="-1" LUT="-1" fileDirectory="C:\Users\vivek\Music\mips_fun"><\/item>
<item  id="212" filename="mips_fun.c" linenumber="181" name="zext_ln181" contextFuncName="check" moduleName="check" rtlName="zext_ln181_fu_1073_p1" latency="0" BRAM="-1" DSP="-1" FF="-1" LUT="-1" fileDirectory="C:\Users\vivek\Music\mips_fun"><\/item>
<item  id="218" filename="mips_fun.c" linenumber="173" name="zext_ln173" contextFuncName="check" moduleName="check" rtlName="zext_ln173_fu_1078_p1" latency="0" BRAM="-1" DSP="-1" FF="-1" LUT="-1" fileDirectory="C:\Users\vivek\Music\mips_fun"><\/item>
<item  id="221" filename="mips_fun.c" linenumber="173" name="zext_ln173_1" contextFuncName="check" moduleName="check" rtlName="hilo_1_fu_1320_p00" latency="0" BRAM="-1" DSP="-1" FF="-1" LUT="-1" fileDirectory="C:\Users\vivek\Music\mips_fun"><\/item>
<item  id="222" filename="mips_fun.c" linenumber="173" name="zext_ln173_2" contextFuncName="check" moduleName="check" rtlName="zext_ln173_2_fu_1083_p1" latency="0" BRAM="-1" DSP="-1" FF="-1" LUT="-1" fileDirectory="C:\Users\vivek\Music\mips_fun"><\/item>
<item  id="225" filename="mips_fun.c" linenumber="173" name="zext_ln173_3" contextFuncName="check" moduleName="check" rtlName="hilo_1_fu_1320_p10" latency="0" BRAM="-1" DSP="-1" FF="-1" LUT="-1" fileDirectory="C:\Users\vivek\Music\mips_fun"><\/item>
<item  id="226" filename="mips_fun.c" linenumber="173" name="hilo_1" contextFuncName="check" moduleName="check" rtlName="hilo_1_fu_1320_p2" latency="0" BRAM="-1" DSP="4" FF="0" LUT="20" fileDirectory="C:\Users\vivek\Music\mips_fun"><\/item>
<item  id="227" filename="mips_fun.c" linenumber="176" name="Lo_2" contextFuncName="check" moduleName="check" rtlName="Lo_2_fu_1326_p1" latency="0" BRAM="-1" DSP="-1" FF="-1" LUT="-1" fileDirectory="C:\Users\vivek\Music\mips_fun"><\/item>
<item  id="228" filename="mips_fun.c" linenumber="177" name="Hi_1" contextFuncName="check" moduleName="check" rtlName="Hi_1_reg_2078" latency="0" BRAM="-1" DSP="-1" FF="-1" LUT="-1" fileDirectory="C:\Users\vivek\Music\mips_fun"><\/item>
<item  id="234" filename="mips_fun.c" linenumber="168" name="zext_ln168" contextFuncName="check" moduleName="check" rtlName="zext_ln168_fu_1088_p1" latency="0" BRAM="-1" DSP="-1" FF="-1" LUT="-1" fileDirectory="C:\Users\vivek\Music\mips_fun"><\/item>
<item  id="238" filename="mips_fun.c" linenumber="168" name="zext_ln168_1" contextFuncName="check" moduleName="check" rtlName="zext_ln168_1_fu_1093_p1" latency="0" BRAM="-1" DSP="-1" FF="-1" LUT="-1" fileDirectory="C:\Users\vivek\Music\mips_fun"><\/item>
<item  id="242" filename="mips_fun.c" linenumber="168" name="hilo" contextFuncName="check" moduleName="check" rtlName="hilo_fu_1348_p2" latency="0" BRAM="-1" DSP="4" FF="0" LUT="20" fileDirectory="C:\Users\vivek\Music\mips_fun"><\/item>
<item  id="243" filename="mips_fun.c" linenumber="169" name="Lo_1" contextFuncName="check" moduleName="check" rtlName="Lo_1_fu_1354_p1" latency="0" BRAM="-1" DSP="-1" FF="-1" LUT="-1" fileDirectory="C:\Users\vivek\Music\mips_fun"><\/item>
<item  id="244" filename="mips_fun.c" linenumber="170" name="Hi" contextFuncName="check" moduleName="check" rtlName="Hi_reg_2088" latency="0" BRAM="-1" DSP="-1" FF="-1" LUT="-1" fileDirectory="C:\Users\vivek\Music\mips_fun"><\/item>
<item  id="250" filename="mips_fun.c" linenumber="164" name="zext_ln164" contextFuncName="check" moduleName="check" rtlName="zext_ln164_fu_1098_p1" latency="0" BRAM="-1" DSP="-1" FF="-1" LUT="-1" fileDirectory="C:\Users\vivek\Music\mips_fun"><\/item>
<item  id="253" filename="mips_fun.c" linenumber="164" name="zext_ln164_1" contextFuncName="check" moduleName="check" rtlName="zext_ln164_1_fu_1103_p1" latency="0" BRAM="-1" DSP="-1" FF="-1" LUT="-1" fileDirectory="C:\Users\vivek\Music\mips_fun"><\/item>
<item  id="256" filename="mips_fun.c" linenumber="164" name="sub_ln164" contextFuncName="check" moduleName="check" rtlName="sub_ln164_fu_1384_p2" latency="0" BRAM="-1" DSP="-1" FF="0" LUT="39" fileDirectory="C:\Users\vivek\Music\mips_fun"><\/item>
<item  id="257" filename="mips_fun.c" linenumber="164" name="zext_ln164_2" contextFuncName="check" moduleName="check" rtlName="zext_ln164_2_fu_1396_p1" latency="0" BRAM="-1" DSP="-1" FF="-1" LUT="-1" fileDirectory="C:\Users\vivek\Music\mips_fun"><\/item>
<item  id="263" filename="mips_fun.c" linenumber="161" name="zext_ln161" contextFuncName="check" moduleName="check" rtlName="zext_ln161_fu_1108_p1" latency="0" BRAM="-1" DSP="-1" FF="-1" LUT="-1" fileDirectory="C:\Users\vivek\Music\mips_fun"><\/item>
<item  id="266" filename="mips_fun.c" linenumber="161" name="zext_ln161_1" contextFuncName="check" moduleName="check" rtlName="zext_ln161_1_fu_1113_p1" latency="0" BRAM="-1" DSP="-1" FF="-1" LUT="-1" fileDirectory="C:\Users\vivek\Music\mips_fun"><\/item>
<item  id="269" filename="mips_fun.c" linenumber="161" name="add_ln161" contextFuncName="check" moduleName="check" rtlName="add_ln161_fu_1390_p2" latency="0" BRAM="-1" DSP="-1" FF="0" LUT="39" fileDirectory="C:\Users\vivek\Music\mips_fun"><\/item>
<item  id="270" filename="mips_fun.c" linenumber="161" name="zext_ln161_2" contextFuncName="check" moduleName="check" rtlName="zext_ln161_2_fu_1400_p1" latency="0" BRAM="-1" DSP="-1" FF="-1" LUT="-1" fileDirectory="C:\Users\vivek\Music\mips_fun"><\/item>
<item  id="279" filename="mips_fun.c" linenumber="238" name="rt" contextFuncName="check" moduleName="check" rtlName="rt_reg_1952" latency="0" BRAM="-1" DSP="-1" FF="-1" LUT="-1" fileDirectory="C:\Users\vivek\Music\mips_fun"><\/item>
<item  id="280" filename="mips_fun.c" linenumber="239" name="rs" contextFuncName="check" moduleName="check" rtlName="grp_fu_776_p4" latency="0" BRAM="-1" DSP="-1" FF="-1" LUT="-1" fileDirectory="C:\Users\vivek\Music\mips_fun"><\/item>
<item  id="283" filename="mips_fun.c" linenumber="285" name="zext_ln285" contextFuncName="check" moduleName="check" rtlName="zext_ln285_fu_1118_p1" latency="0" BRAM="-1" DSP="-1" FF="-1" LUT="-1" fileDirectory="C:\Users\vivek\Music\mips_fun"><\/item>
<item  id="286" filename="mips_fun.c" linenumber="285" name="zext_ln285_1" contextFuncName="check" moduleName="check" rtlName="zext_ln285_1_fu_1404_p1" latency="0" BRAM="-1" DSP="-1" FF="-1" LUT="-1" fileDirectory="C:\Users\vivek\Music\mips_fun"><\/item>
<item  id="287" filename="mips_fun.c" linenumber="285" name="icmp_ln285" contextFuncName="check" moduleName="check" rtlName="icmp_ln285_fu_1407_p2" latency="0" BRAM="-1" DSP="-1" FF="0" LUT="18" fileDirectory="C:\Users\vivek\Music\mips_fun"><\/item>
<item  id="288" filename="mips_fun.c" linenumber="285" name="zext_ln285_2" contextFuncName="check" moduleName="check" rtlName="zext_ln285_2_fu_1422_p1" latency="0" BRAM="-1" DSP="-1" FF="-1" LUT="-1" fileDirectory="C:\Users\vivek\Music\mips_fun"><\/item>
<item  id="289" filename="mips_fun.c" linenumber="285" name="zext_ln285_3" contextFuncName="check" moduleName="check" rtlName="zext_ln285_3_fu_1426_p1" latency="0" BRAM="-1" DSP="-1" FF="-1" LUT="-1" fileDirectory="C:\Users\vivek\Music\mips_fun"><\/item>
<item  id="295" filename="mips_fun.c" linenumber="281" name="zext_ln281" contextFuncName="check" moduleName="check" rtlName="zext_ln281_fu_1123_p1" latency="0" BRAM="-1" DSP="-1" FF="-1" LUT="-1" fileDirectory="C:\Users\vivek\Music\mips_fun"><\/item>
<item  id="298" filename="mips_fun.c" linenumber="281" name="sext_ln281" contextFuncName="check" moduleName="check" rtlName="sext_ln281_fu_1413_p1" latency="0" BRAM="-1" DSP="-1" FF="-1" LUT="-1" fileDirectory="C:\Users\vivek\Music\mips_fun"><\/item>
<item  id="299" filename="mips_fun.c" linenumber="281" name="icmp_ln281" contextFuncName="check" moduleName="check" rtlName="icmp_ln281_fu_1416_p2" latency="0" BRAM="-1" DSP="-1" FF="0" LUT="18" fileDirectory="C:\Users\vivek\Music\mips_fun"><\/item>
<item  id="300" filename="mips_fun.c" linenumber="281" name="zext_ln281_1" contextFuncName="check" moduleName="check" rtlName="zext_ln281_1_fu_1430_p1" latency="0" BRAM="-1" DSP="-1" FF="-1" LUT="-1" fileDirectory="C:\Users\vivek\Music\mips_fun"><\/item>
<item  id="301" filename="mips_fun.c" linenumber="281" name="zext_ln281_2" contextFuncName="check" moduleName="check" rtlName="zext_ln281_2_fu_1434_p1" latency="0" BRAM="-1" DSP="-1" FF="-1" LUT="-1" fileDirectory="C:\Users\vivek\Music\mips_fun"><\/item>
<item  id="307" filename="mips_fun.c" linenumber="276" name="zext_ln276" contextFuncName="check" moduleName="check" rtlName="zext_ln276_fu_1128_p1" latency="0" BRAM="-1" DSP="-1" FF="-1" LUT="-1" fileDirectory="C:\Users\vivek\Music\mips_fun"><\/item>
<item  id="310" filename="mips_fun.c" linenumber="276" name="tmp_2" contextFuncName="check" moduleName="check" rtlName="tmp_2_fu_1438_p3" latency="0" BRAM="-1" DSP="-1" FF="-1" LUT="-1" fileDirectory="C:\Users\vivek\Music\mips_fun"><\/item>
<item  id="313" filename="mips_fun.c" linenumber="277" name="shl_ln3" contextFuncName="check" moduleName="check" rtlName="shl_ln3_fu_1446_p3" latency="0" BRAM="-1" DSP="-1" FF="-1" LUT="-1" fileDirectory="C:\Users\vivek\Music\mips_fun"><\/item>
<item  id="314" filename="mips_fun.c" linenumber="277" name="sext_ln277" contextFuncName="check" moduleName="check" rtlName="sext_ln277_fu_1453_p1" latency="0" BRAM="-1" DSP="-1" FF="-1" LUT="-1" fileDirectory="C:\Users\vivek\Music\mips_fun"><\/item>
<item  id="315" filename="mips_fun.c" linenumber="277" name="pc_11" contextFuncName="check" moduleName="check" rtlName="pc_11_fu_1457_p2" latency="0" BRAM="-1" DSP="-1" FF="0" LUT="39" fileDirectory="C:\Users\vivek\Music\mips_fun"><\/item>
<item  id="322" filename="mips_fun.c" linenumber="272" name="zext_ln272" contextFuncName="check" moduleName="check" rtlName="zext_ln272_fu_1133_p1" latency="0" BRAM="-1" DSP="-1" FF="-1" LUT="-1" fileDirectory="C:\Users\vivek\Music\mips_fun"><\/item>
<item  id="325" filename="mips_fun.c" linenumber="272" name="zext_ln272_1" contextFuncName="check" moduleName="check" rtlName="zext_ln272_1_fu_1138_p1" latency="0" BRAM="-1" DSP="-1" FF="-1" LUT="-1" fileDirectory="C:\Users\vivek\Music\mips_fun"><\/item>
<item  id="328" filename="mips_fun.c" linenumber="272" name="icmp_ln272" contextFuncName="check" moduleName="check" rtlName="grp_fu_795_p2" latency="0" BRAM="-1" DSP="-1" FF="0" LUT="18" fileDirectory="C:\Users\vivek\Music\mips_fun"><\/item>
<item  id="331" filename="mips_fun.c" linenumber="273" name="shl_ln2" contextFuncName="check" moduleName="check" rtlName="shl_ln2_fu_1467_p3" latency="0" BRAM="-1" DSP="-1" FF="-1" LUT="-1" fileDirectory="C:\Users\vivek\Music\mips_fun"><\/item>
<item  id="332" filename="mips_fun.c" linenumber="273" name="sext_ln273" contextFuncName="check" moduleName="check" rtlName="sext_ln273_fu_1474_p1" latency="0" BRAM="-1" DSP="-1" FF="-1" LUT="-1" fileDirectory="C:\Users\vivek\Music\mips_fun"><\/item>
<item  id="333" filename="mips_fun.c" linenumber="273" name="pc_10" contextFuncName="check" moduleName="check" rtlName="pc_10_fu_1478_p2" latency="0" BRAM="-1" DSP="-1" FF="0" LUT="39" fileDirectory="C:\Users\vivek\Music\mips_fun"><\/item>
<item  id="340" filename="mips_fun.c" linenumber="268" name="zext_ln268" contextFuncName="check" moduleName="check" rtlName="zext_ln268_fu_1143_p1" latency="0" BRAM="-1" DSP="-1" FF="-1" LUT="-1" fileDirectory="C:\Users\vivek\Music\mips_fun"><\/item>
<item  id="343" filename="mips_fun.c" linenumber="268" name="zext_ln268_1" contextFuncName="check" moduleName="check" rtlName="zext_ln268_1_fu_1148_p1" latency="0" BRAM="-1" DSP="-1" FF="-1" LUT="-1" fileDirectory="C:\Users\vivek\Music\mips_fun"><\/item>
<item  id="346" filename="mips_fun.c" linenumber="268" name="icmp_ln268" contextFuncName="check" moduleName="check" rtlName="grp_fu_795_p2" latency="0" BRAM="-1" DSP="-1" FF="0" LUT="18" fileDirectory="C:\Users\vivek\Music\mips_fun"><\/item>
<item  id="352" filename="mips_fun.c" linenumber="269" name="shl_ln1" contextFuncName="check" moduleName="check" rtlName="shl_ln1_fu_1488_p3" latency="0" BRAM="-1" DSP="-1" FF="-1" LUT="-1" fileDirectory="C:\Users\vivek\Music\mips_fun"><\/item>
<item  id="353" filename="mips_fun.c" linenumber="269" name="sext_ln269" contextFuncName="check" moduleName="check" rtlName="sext_ln269_fu_1495_p1" latency="0" BRAM="-1" DSP="-1" FF="-1" LUT="-1" fileDirectory="C:\Users\vivek\Music\mips_fun"><\/item>
<item  id="354" filename="mips_fun.c" linenumber="269" name="pc_9" contextFuncName="check" moduleName="check" rtlName="pc_9_fu_1499_p2" latency="0" BRAM="-1" DSP="-1" FF="0" LUT="39" fileDirectory="C:\Users\vivek\Music\mips_fun"><\/item>
<item  id="358" filename="mips_fun.c" linenumber="264" name="shl_ln264" contextFuncName="check" moduleName="check" rtlName="shl_ln264_fu_1153_p2" latency="0" BRAM="-1" DSP="-1" FF="-1" LUT="-1" fileDirectory="C:\Users\vivek\Music\mips_fun"><\/item>
<item  id="359" filename="mips_fun.c" linenumber="264" name="zext_ln264" contextFuncName="check" moduleName="check" rtlName="zext_ln264_fu_1160_p1" latency="0" BRAM="-1" DSP="-1" FF="-1" LUT="-1" fileDirectory="C:\Users\vivek\Music\mips_fun"><\/item>
<item  id="365" filename="mips_fun.c" linenumber="260" name="zext_ln260" contextFuncName="check" moduleName="check" rtlName="zext_ln260_fu_1165_p1" latency="0" BRAM="-1" DSP="-1" FF="-1" LUT="-1" fileDirectory="C:\Users\vivek\Music\mips_fun"><\/item>
<item  id="368" filename="mips_fun.c" linenumber="260" name="zext_ln260_1" contextFuncName="check" moduleName="check" rtlName="zext_ln260_1_fu_1170_p1" latency="0" BRAM="-1" DSP="-1" FF="-1" LUT="-1" fileDirectory="C:\Users\vivek\Music\mips_fun"><\/item>
<item  id="371" filename="mips_fun.c" linenumber="260" name="trunc_ln260" contextFuncName="check" moduleName="check" rtlName="trunc_ln260_fu_1509_p1" latency="0" BRAM="-1" DSP="-1" FF="-1" LUT="-1" fileDirectory="C:\Users\vivek\Music\mips_fun"><\/item>
<item  id="372" filename="mips_fun.c" linenumber="260" name="trunc_ln260_1" contextFuncName="check" moduleName="check" rtlName="trunc_ln260_1_fu_1175_p1" latency="0" BRAM="-1" DSP="-1" FF="-1" LUT="-1" fileDirectory="C:\Users\vivek\Music\mips_fun"><\/item>
<item  id="373" filename="mips_fun.c" linenumber="260" name="add_ln260" contextFuncName="check" moduleName="check" rtlName="add_ln260_fu_1513_p2" latency="0" BRAM="-1" DSP="-1" FF="0" LUT="15" fileDirectory="C:\Users\vivek\Music\mips_fun"><\/item>
<item  id="374" filename="mips_fun.c" linenumber="260" name="trunc_ln260_2" contextFuncName="check" moduleName="check" rtlName="trunc_ln260_2_fu_1518_p4" latency="0" BRAM="-1" DSP="-1" FF="-1" LUT="-1" fileDirectory="C:\Users\vivek\Music\mips_fun"><\/item>
<item  id="375" filename="mips_fun.c" linenumber="260" name="zext_ln260_2" contextFuncName="check" moduleName="check" rtlName="zext_ln260_2_fu_1528_p1" latency="0" BRAM="-1" DSP="-1" FF="-1" LUT="-1" fileDirectory="C:\Users\vivek\Music\mips_fun"><\/item>
<item  id="381" filename="mips_fun.c" linenumber="257" name="zext_ln257" contextFuncName="check" moduleName="check" rtlName="zext_ln257_fu_1179_p1" latency="0" BRAM="-1" DSP="-1" FF="-1" LUT="-1" fileDirectory="C:\Users\vivek\Music\mips_fun"><\/item>
<item  id="384" filename="mips_fun.c" linenumber="257" name="trunc_ln257" contextFuncName="check" moduleName="check" rtlName="trunc_ln257_fu_1533_p1" latency="0" BRAM="-1" DSP="-1" FF="-1" LUT="-1" fileDirectory="C:\Users\vivek\Music\mips_fun"><\/item>
<item  id="385" filename="mips_fun.c" linenumber="257" name="trunc_ln257_1" contextFuncName="check" moduleName="check" rtlName="trunc_ln257_1_fu_1184_p1" latency="0" BRAM="-1" DSP="-1" FF="-1" LUT="-1" fileDirectory="C:\Users\vivek\Music\mips_fun"><\/item>
<item  id="386" filename="mips_fun.c" linenumber="257" name="add_ln257" contextFuncName="check" moduleName="check" rtlName="add_ln257_fu_1537_p2" latency="0" BRAM="-1" DSP="-1" FF="0" LUT="15" fileDirectory="C:\Users\vivek\Music\mips_fun"><\/item>
<item  id="387" filename="mips_fun.c" linenumber="257" name="trunc_ln257_2" contextFuncName="check" moduleName="check" rtlName="trunc_ln257_2_fu_1542_p4" latency="0" BRAM="-1" DSP="-1" FF="-1" LUT="-1" fileDirectory="C:\Users\vivek\Music\mips_fun"><\/item>
<item  id="388" filename="mips_fun.c" linenumber="257" name="zext_ln257_1" contextFuncName="check" moduleName="check" rtlName="zext_ln257_1_fu_1552_p1" latency="0" BRAM="-1" DSP="-1" FF="-1" LUT="-1" fileDirectory="C:\Users\vivek\Music\mips_fun"><\/item>
<item  id="391" filename="mips_fun.c" linenumber="257" name="zext_ln257_2" contextFuncName="check" moduleName="check" rtlName="zext_ln257_2_fu_1557_p1" latency="0" BRAM="-1" DSP="-1" FF="-1" LUT="-1" fileDirectory="C:\Users\vivek\Music\mips_fun"><\/item>
<item  id="397" filename="mips_fun.c" linenumber="253" name="zext_ln253" contextFuncName="check" moduleName="check" rtlName="zext_ln253_fu_1188_p1" latency="0" BRAM="-1" DSP="-1" FF="-1" LUT="-1" fileDirectory="C:\Users\vivek\Music\mips_fun"><\/item>
<item  id="400" filename="mips_fun.c" linenumber="253" name="zext_ln253_1" contextFuncName="check" moduleName="check" rtlName="zext_ln253_1_fu_1561_p1" latency="0" BRAM="-1" DSP="-1" FF="-1" LUT="-1" fileDirectory="C:\Users\vivek\Music\mips_fun"><\/item>
<item  id="401" filename="mips_fun.c" linenumber="253" name="xor_ln253" contextFuncName="check" moduleName="check" rtlName="xor_ln253_fu_1564_p2" latency="0" BRAM="-1" DSP="-1" FF="0" LUT="32" fileDirectory="C:\Users\vivek\Music\mips_fun"><\/item>
<item  id="402" filename="mips_fun.c" linenumber="253" name="zext_ln253_2" contextFuncName="check" moduleName="check" rtlName="zext_ln253_2_fu_1571_p1" latency="0" BRAM="-1" DSP="-1" FF="-1" LUT="-1" fileDirectory="C:\Users\vivek\Music\mips_fun"><\/item>
<item  id="408" filename="mips_fun.c" linenumber="250" name="zext_ln250" contextFuncName="check" moduleName="check" rtlName="zext_ln250_fu_1193_p1" latency="0" BRAM="-1" DSP="-1" FF="-1" LUT="-1" fileDirectory="C:\Users\vivek\Music\mips_fun"><\/item>
<item  id="411" filename="mips_fun.c" linenumber="250" name="trunc_ln250" contextFuncName="check" moduleName="check" rtlName="trunc_ln250_fu_1575_p1" latency="0" BRAM="-1" DSP="-1" FF="-1" LUT="-1" fileDirectory="C:\Users\vivek\Music\mips_fun"><\/item>
<item  id="412" filename="mips_fun.c" linenumber="250" name="or_ln250" contextFuncName="check" moduleName="check" rtlName="or_ln250_fu_1579_p2" latency="0" BRAM="-1" DSP="-1" FF="0" LUT="16" fileDirectory="C:\Users\vivek\Music\mips_fun"><\/item>
<item  id="413" filename="mips_fun.c" linenumber="250" name="tmp" contextFuncName="check" moduleName="check" rtlName="tmp_fu_1584_p4" latency="0" BRAM="-1" DSP="-1" FF="-1" LUT="-1" fileDirectory="C:\Users\vivek\Music\mips_fun"><\/item>
<item  id="414" filename="mips_fun.c" linenumber="250" name="or_ln" contextFuncName="check" moduleName="check" rtlName="or_ln_fu_1594_p3" latency="0" BRAM="-1" DSP="-1" FF="-1" LUT="-1" fileDirectory="C:\Users\vivek\Music\mips_fun"><\/item>
<item  id="415" filename="mips_fun.c" linenumber="250" name="zext_ln250_1" contextFuncName="check" moduleName="check" rtlName="zext_ln250_1_fu_1603_p1" latency="0" BRAM="-1" DSP="-1" FF="-1" LUT="-1" fileDirectory="C:\Users\vivek\Music\mips_fun"><\/item>
<item  id="421" filename="mips_fun.c" linenumber="247" name="zext_ln247" contextFuncName="check" moduleName="check" rtlName="zext_ln247_fu_1198_p1" latency="0" BRAM="-1" DSP="-1" FF="-1" LUT="-1" fileDirectory="C:\Users\vivek\Music\mips_fun"><\/item>
<item  id="424" filename="mips_fun.c" linenumber="247" name="trunc_ln247" contextFuncName="check" moduleName="check" rtlName="trunc_ln247_fu_1607_p1" latency="0" BRAM="-1" DSP="-1" FF="-1" LUT="-1" fileDirectory="C:\Users\vivek\Music\mips_fun"><\/item>
<item  id="425" filename="mips_fun.c" linenumber="247" name="and_ln247" contextFuncName="check" moduleName="check" rtlName="and_ln247_fu_1611_p2" latency="0" BRAM="-1" DSP="-1" FF="0" LUT="16" fileDirectory="C:\Users\vivek\Music\mips_fun"><\/item>
<item  id="426" filename="mips_fun.c" linenumber="247" name="zext_ln247_1" contextFuncName="check" moduleName="check" rtlName="zext_ln247_1_fu_1616_p1" latency="0" BRAM="-1" DSP="-1" FF="-1" LUT="-1" fileDirectory="C:\Users\vivek\Music\mips_fun"><\/item>
<item  id="427" filename="mips_fun.c" linenumber="247" name="zext_ln247_2" contextFuncName="check" moduleName="check" rtlName="zext_ln247_2_fu_1621_p1" latency="0" BRAM="-1" DSP="-1" FF="-1" LUT="-1" fileDirectory="C:\Users\vivek\Music\mips_fun"><\/item>
<item  id="433" filename="mips_fun.c" linenumber="243" name="zext_ln243" contextFuncName="check" moduleName="check" rtlName="zext_ln243_fu_1203_p1" latency="0" BRAM="-1" DSP="-1" FF="-1" LUT="-1" fileDirectory="C:\Users\vivek\Music\mips_fun"><\/item>
<item  id="436" filename="mips_fun.c" linenumber="243" name="sext_ln243" contextFuncName="check" moduleName="check" rtlName="sext_ln243_fu_1625_p1" latency="0" BRAM="-1" DSP="-1" FF="-1" LUT="-1" fileDirectory="C:\Users\vivek\Music\mips_fun"><\/item>
<item  id="437" filename="mips_fun.c" linenumber="243" name="add_ln243" contextFuncName="check" moduleName="check" rtlName="add_ln243_fu_1628_p2" latency="0" BRAM="-1" DSP="-1" FF="0" LUT="39" fileDirectory="C:\Users\vivek\Music\mips_fun"><\/item>
<item  id="438" filename="mips_fun.c" linenumber="243" name="zext_ln243_1" contextFuncName="check" moduleName="check" rtlName="zext_ln243_1_fu_1634_p1" latency="0" BRAM="-1" DSP="-1" FF="-1" LUT="-1" fileDirectory="C:\Users\vivek\Music\mips_fun"><\/item>
<item  id="449" filename="mips_fun.c" linenumber="296" name="icmp_ln296" contextFuncName="check" moduleName="check" rtlName="icmp_ln296_fu_1638_p2" latency="0" BRAM="-1" DSP="-1" FF="0" LUT="18" fileDirectory="C:\Users\vivek\Music\mips_fun"><\/item>
<item  id="452" filename="mips_fun.c" linenumber="299" name="icmp_ln299" contextFuncName="check" moduleName="check" rtlName="icmp_ln299_fu_1644_p2" latency="0" BRAM="-1" DSP="-1" FF="0" LUT="18" fileDirectory="C:\Users\vivek\Music\mips_fun"><\/item>
<item  id="453" filename="mips_fun.c" linenumber="299" name="zext_ln299" contextFuncName="check" moduleName="check" rtlName="zext_ln299_fu_1649_p1" latency="0" BRAM="-1" DSP="-1" FF="-1" LUT="-1" fileDirectory="C:\Users\vivek\Music\mips_fun"><\/item>
<item  id="458" filename="mips_fun.c" linenumber="300" name="icmp_ln300" contextFuncName="check" moduleName="check" rtlName="icmp_ln300_fu_1653_p2" latency="0" BRAM="-1" DSP="-1" FF="0" LUT="11" fileDirectory="C:\Users\vivek\Music\mips_fun"><\/item>
<item  id="460" filename="mips_fun.c" linenumber="300" name="j" contextFuncName="check" moduleName="check" rtlName="j_fu_1659_p2" latency="0" BRAM="-1" DSP="-1" FF="0" LUT="13" fileDirectory="C:\Users\vivek\Music\mips_fun"><\/item>
<item  id="463" filename="mips_fun.c" linenumber="302" name="zext_ln302" contextFuncName="check" moduleName="check" rtlName="zext_ln302_fu_1665_p1" latency="0" BRAM="-1" DSP="-1" FF="-1" LUT="-1" fileDirectory="C:\Users\vivek\Music\mips_fun"><\/item>
<item  id="468" filename="mips_fun.c" linenumber="302" name="sext_ln302" contextFuncName="check" moduleName="check" rtlName="sext_ln302_fu_1675_p1" latency="0" BRAM="-1" DSP="-1" FF="-1" LUT="-1" fileDirectory="C:\Users\vivek\Music\mips_fun"><\/item>
<item  id="469" filename="mips_fun.c" linenumber="304" name="icmp_ln304" contextFuncName="check" moduleName="check" rtlName="icmp_ln304_fu_1679_p2" latency="0" BRAM="-1" DSP="-1" FF="0" LUT="18" fileDirectory="C:\Users\vivek\Music\mips_fun"><\/item>
<item  id="470" filename="mips_fun.c" linenumber="304" name="zext_ln304" contextFuncName="check" moduleName="check" rtlName="zext_ln304_fu_1685_p1" latency="0" BRAM="-1" DSP="-1" FF="-1" LUT="-1" fileDirectory="C:\Users\vivek\Music\mips_fun"><\/item>
<item  id="471" filename="mips_fun.c" linenumber="304" name="main_result" contextFuncName="check" moduleName="check" rtlName="main_result_fu_1689_p2" latency="0" BRAM="-1" DSP="-1" FF="0" LUT="13" fileDirectory="C:\Users\vivek\Music\mips_fun"><\/item>
<item  id="474" filename="mips_fun.c" linenumber="300" name="zext_ln300" contextFuncName="check" moduleName="check" rtlName="ap_return" latency="0" BRAM="-1" DSP="-1" FF="-1" LUT="-1" fileDirectory="C:\Users\vivek\Music\mips_fun"><\/item>
<\/annotationInfo>
</annotationInfo>
