<profile>

<section name = "Vivado HLS Report for 'check'" level="0">
<item name = "Date">Wed Jan  6 13:25:38 2021
</item>
<item name = "Version">2019.2 (Build 2704478 on Wed Nov 06 22:10:23 MST 2019)</item>
<item name = "Project">mips_fun</item>
<item name = "Solution">solution1</item>
<item name = "Product family">zynq</item>
<item name = "Target device">xc7z020-clg484-1</item>
</section>

<section name = "Performance Estimates" level="0">
<item name = "Timing">
<section name = "" level="1">
<item name = "Summary"><table name="" hasTotal="0">
<keys size="4">Clock, Target, Estimated, Uncertainty</keys>
<column name="ap_clk">10.00 ns, 8.510 ns, 1.25 ns</column>
</table>
</item>
</section>
</item>
<item name = "Latency">
<section name = "" level="1">
<item name = "Summary"><table name="" hasTotal="0">
<keys size="8">, min, max, min, max, min, max, Type</keys>
<column name="">?, ?, ?, ?, ?, ?, none</column>
</table>
</item>
<item name = "Detail">
<section name = "" level="1">
<item name = "Instance"><table name="" hasTotal="0">
<keys size="9">Instance, Module, min, max, min, max, min, max, Type</keys>
</table>
</item>
<item name = "Loop"><table name="" hasTotal="0">
<keys size="8">Loop Name, min, max, Latency, achieved, target, Count, Pipelined</keys>
<column name="- Loop 1">32, 32, 1, -, -, 32, no</column>
<column name="- Loop 2">128, 128, 2, -, -, 64, no</column>
<column name="- Loop 3">?, ?, 4 ~ 6, -, -, ?, no</column>
<column name="- Loop 4">16, 16, 2, -, -, 8, no</column>
</table>
</item>
</section>
</item>
</section>
</item>
</section>

<section name = "Utilization Estimates" level="0">
<item name = "Summary"><table name="" hasTotal="1">
<keys size="6">Name, BRAM_18K, DSP48E, FF, LUT, URAM</keys>
<column name="DSP">-, -, -, -, -</column>
<column name="Expression">-, 8, 0, 1179, -</column>
<column name="FIFO">-, -, -, -, -</column>
<column name="Instance">-, -, -, -, -</column>
<column name="Memory">4, -, 14, 2, 0</column>
<column name="Multiplexer">-, -, -, 725, -</column>
<column name="Register">-, -, 769, -, -</column>
<specialColumn name="Available">280, 220, 106400, 53200, 0</specialColumn>
<specialColumn name="Utilization (%)">1, 3, ~0, 3, 0</specialColumn>
</table>
</item>
<item name = "Detail">
<section name = "" level="1">
<item name = "Instance"><table name="" hasTotal="1">
<keys size="7">Instance, Module, BRAM_18K, DSP48E, FF, LUT, URAM</keys>
</table>
</item>
<item name = "DSP48E"><table name="" hasTotal="0">
<keys size="3">Instance, Module, Expression</keys>
</table>
</item>
<item name = "Memory"><table name="" hasTotal="1">
<keys size="10">Memory, Module, BRAM_18K, FF, LUT, URAM, Words, Bits, Banks, W*Bits*Banks</keys>
<column name="A_U">check_A, 0, 7, 1, 0, 8, 7, 1, 56</column>
<column name="dmem_U">check_dmem, 1, 0, 0, 0, 64, 32, 1, 2048</column>
<column name="imem_U">check_imem, 1, 0, 0, 0, 44, 32, 1, 1408</column>
<column name="outData_U">check_outData, 0, 7, 1, 0, 8, 7, 1, 56</column>
<column name="reg_U">check_reg, 2, 0, 0, 0, 32, 32, 1, 1024</column>
</table>
</item>
<item name = "FIFO"><table name="" hasTotal="1">
<keys size="8">Name, BRAM_18K, FF, LUT, URAM, Depth, Bits, Size:D*B</keys>
</table>
</item>
<item name = "Expression"><table name="" hasTotal="1">
<keys size="7">Variable Name, Operation, DSP48E, FF, LUT, Bitwidth P0, Bitwidth P1</keys>
<column name="hilo_1_fu_1320_p2">*, 4, 0, 20, 32, 32</column>
<column name="hilo_fu_1348_p2">*, 4, 0, 20, 32, 32</column>
<column name="add_ln161_fu_1390_p2">+, 0, 0, 39, 32, 32</column>
<column name="add_ln243_fu_1628_p2">+, 0, 0, 39, 32, 32</column>
<column name="add_ln257_fu_1537_p2">+, 0, 0, 15, 8, 8</column>
<column name="add_ln260_fu_1513_p2">+, 0, 0, 15, 8, 8</column>
<column name="i_2_fu_832_p2">+, 0, 0, 15, 7, 1</column>
<column name="i_fu_815_p2">+, 0, 0, 15, 6, 1</column>
<column name="j_fu_1659_p2">+, 0, 0, 13, 4, 1</column>
<column name="main_result_fu_1689_p2">+, 0, 0, 13, 4, 4</column>
<column name="n_inst_fu_903_p2">+, 0, 0, 39, 1, 32</column>
<column name="pc_10_fu_1478_p2">+, 0, 0, 39, 32, 32</column>
<column name="pc_11_fu_1457_p2">+, 0, 0, 39, 32, 32</column>
<column name="pc_9_fu_1499_p2">+, 0, 0, 39, 32, 32</column>
<column name="pc_fu_886_p2">+, 0, 0, 39, 3, 32</column>
<column name="sub_ln164_fu_1384_p2">-, 0, 0, 39, 32, 32</column>
<column name="and_ln188_fu_1301_p2">and, 0, 0, 32, 32, 32</column>
<column name="and_ln247_fu_1611_p2">and, 0, 0, 16, 16, 16</column>
<column name="ashr_ln200_fu_1237_p2">ashr, 0, 0, 101, 32, 32</column>
<column name="ashr_ln206_fu_1225_p2">ashr, 0, 0, 101, 32, 32</column>
<column name="grp_fu_795_p2">icmp, 0, 0, 18, 32, 32</column>
<column name="icmp_ln128_fu_809_p2">icmp, 0, 0, 11, 6, 7</column>
<column name="icmp_ln134_fu_826_p2">icmp, 0, 0, 11, 7, 8</column>
<column name="icmp_ln210_fu_1219_p2">icmp, 0, 0, 18, 32, 32</column>
<column name="icmp_ln213_fu_1213_p2">icmp, 0, 0, 18, 32, 32</column>
<column name="icmp_ln281_fu_1416_p2">icmp, 0, 0, 18, 32, 32</column>
<column name="icmp_ln285_fu_1407_p2">icmp, 0, 0, 18, 32, 32</column>
<column name="icmp_ln296_fu_1638_p2">icmp, 0, 0, 18, 32, 1</column>
<column name="icmp_ln299_fu_1644_p2">icmp, 0, 0, 18, 32, 10</column>
<column name="icmp_ln300_fu_1653_p2">icmp, 0, 0, 11, 4, 5</column>
<column name="icmp_ln304_fu_1679_p2">icmp, 0, 0, 18, 32, 32</column>
<column name="or_ln191_fu_1290_p2">or, 0, 0, 32, 32, 32</column>
<column name="or_ln250_fu_1579_p2">or, 0, 0, 16, 16, 16</column>
<column name="shl_ln197_fu_1242_p2">shl, 0, 0, 101, 32, 32</column>
<column name="shl_ln203_fu_1231_p2">shl, 0, 0, 101, 32, 32</column>
<column name="xor_ln194_fu_1279_p2">xor, 0, 0, 32, 32, 32</column>
<column name="xor_ln253_fu_1564_p2">xor, 0, 0, 32, 32, 32</column>
</table>
</item>
<item name = "Multiplexer"><table name="" hasTotal="1">
<keys size="5">Name, LUT, Input Size, Bits, Total Bits</keys>
<column name="Hi_2_fu_166">15, 3, 32, 96</column>
<column name="Lo_fu_170">15, 3, 32, 96</column>
<column name="ap_NS_fsm">129, 28, 1, 28</column>
<column name="dmem_address0">27, 5, 6, 30</column>
<column name="dmem_d0">15, 3, 32, 96</column>
<column name="i_0_reg_709">9, 2, 6, 12</column>
<column name="i_1_reg_720">9, 2, 7, 14</column>
<column name="j_0_reg_752">9, 2, 4, 8</column>
<column name="main_result_0_reg_742">9, 2, 4, 8</column>
<column name="n_inst_0_reg_731">9, 2, 32, 64</column>
<column name="pc_6_fu_162">47, 10, 32, 320</column>
<column name="reg_address0">149, 33, 5, 165</column>
<column name="reg_address1">149, 33, 5, 165</column>
<column name="reg_d0">41, 8, 32, 256</column>
<column name="reg_d1">93, 19, 32, 608</column>
</table>
</item>
<item name = "Register"><table name="" hasTotal="1">
<keys size="5">Name, FF, LUT, Bits, Const Bits</keys>
<column name="Hi_1_reg_2078">32, 0, 32, 0</column>
<column name="Hi_2_fu_166">32, 0, 32, 0</column>
<column name="Hi_reg_2088">32, 0, 32, 0</column>
<column name="Lo_1_reg_2083">32, 0, 32, 0</column>
<column name="Lo_2_reg_2073">32, 0, 32, 0</column>
<column name="Lo_fu_170">32, 0, 32, 0</column>
<column name="add_ln161_reg_2098">32, 0, 32, 0</column>
<column name="add_ln243_reg_2127">32, 0, 32, 0</column>
<column name="address_reg_1774">16, 0, 16, 0</column>
<column name="ap_CS_fsm">27, 0, 27, 0</column>
<column name="ashr_ln200_reg_2063">32, 0, 32, 0</column>
<column name="ashr_ln206_reg_2053">32, 0, 32, 0</column>
<column name="funct_reg_1787">6, 0, 6, 0</column>
<column name="i_0_reg_709">6, 0, 6, 0</column>
<column name="i_1_reg_720">7, 0, 7, 0</column>
<column name="i_2_reg_1706">7, 0, 7, 0</column>
<column name="icmp_ln210_reg_2048">1, 0, 1, 0</column>
<column name="icmp_ln213_reg_2043">1, 0, 1, 0</column>
<column name="icmp_ln281_reg_2108">1, 0, 1, 0</column>
<column name="icmp_ln285_reg_2103">1, 0, 1, 0</column>
<column name="j_0_reg_752">4, 0, 4, 0</column>
<column name="j_reg_2143">4, 0, 4, 0</column>
<column name="main_result_0_reg_742">4, 0, 4, 0</column>
<column name="n_inst_0_reg_731">32, 0, 32, 0</column>
<column name="n_inst_reg_1800">32, 0, 32, 0</column>
<column name="pc_6_fu_162">32, 0, 32, 0</column>
<column name="pc_6_load_reg_1761">32, 0, 32, 0</column>
<column name="pc_reg_1791">32, 0, 32, 0</column>
<column name="rd_reg_1812">5, 0, 5, 0</column>
<column name="reg_801">32, 0, 32, 0</column>
<column name="reg_805">32, 0, 32, 0</column>
<column name="rt_reg_1952">5, 0, 5, 0</column>
<column name="shl_ln197_reg_2068">32, 0, 32, 0</column>
<column name="shl_ln203_reg_2058">32, 0, 32, 0</column>
<column name="sub_ln164_reg_2093">32, 0, 32, 0</column>
<column name="tmp_1_reg_1796">6, 0, 6, 0</column>
<column name="trunc_ln257_1_reg_2018">8, 0, 8, 0</column>
<column name="trunc_ln260_1_reg_2008">8, 0, 8, 0</column>
<column name="zext_ln136_reg_1711">7, 0, 64, 57</column>
<column name="zext_ln152_reg_1806">5, 0, 32, 27</column>
</table>
</item>
</section>
</item>
</section>

<section name = "Interface" level="0">
<item name = "Summary"><table name="" hasTotal="0">
<keys size="6">RTL Ports, Dir, Bits, Protocol, Source Object, C Type</keys>
<column name="ap_clk">in, 1, ap_ctrl_hs, check, return value</column>
<column name="ap_rst">in, 1, ap_ctrl_hs, check, return value</column>
<column name="ap_start">in, 1, ap_ctrl_hs, check, return value</column>
<column name="ap_done">out, 1, ap_ctrl_hs, check, return value</column>
<column name="ap_idle">out, 1, ap_ctrl_hs, check, return value</column>
<column name="ap_ready">out, 1, ap_ctrl_hs, check, return value</column>
<column name="ap_return">out, 32, ap_ctrl_hs, check, return value</column>
</table>
</item>
</section>
</profile>
