{
  "Top": "diffeq",
  "RtlTop": "diffeq",
  "RtlPrefix": "",
  "SourceLanguage": "c",
  "ResetStyle": "control",
  "GenerateBdFiles": "0",
  "HostMachineBits": "64",
  "Target": {
    "Family": "zynq",
    "Device": "xc7z020",
    "Package": "-clg484",
    "Speed": "-1"
  },
  "HlsSolution": {
    
  },
  "Args": {
    "x": {
      "index": "0",
      "type": {
        "dataType": "int",
        "dataWidth": "32",
        "interfaceRef": "x"
      }
    },
    "dx": {
      "index": "1",
      "type": {
        "dataType": "int",
        "dataWidth": "32",
        "interfaceRef": "dx"
      }
    },
    "u": {
      "index": "2",
      "type": {
        "dataType": "int",
        "dataWidth": "32",
        "interfaceRef": "u"
      }
    },
    "y": {
      "index": "3",
      "type": {
        "dataType": "int",
        "dataWidth": "32",
        "interfaceRef": "y"
      }
    }
  },
  "Return": {
    "dataType": "int",
    "dataWidth": "32",
    "interfaceRef": "ap_return"
  },
  "ClockInfo": {
    "ClockName": "ap_clk",
    "ClockPeriod": "10",
    "IsCombLogic": "0",
    "II": "x",
    "Latency": "4",
    "Uncertainty": "1.25"
  },
  "Xdc": {"OocClocks": ["create_clock -name ap_clk -period 10.000 [get_ports ap_clk]"]},
  "Ipx": {
    "Vendor": "xilinx.com",
    "Library": "hls",
    "Name": "diffeq",
    "Version": "1.0",
    "DisplayName": "Diffeq",
    "Revision": "",
    "Description": "An IP generated by Vivado HLS",
    "Taxonomy": "\/VIVADO_HLS_IP",
    "AutoFamilySupport": ""
  },
  "Files": {
    "CSource": ["..\/..\/diffeq.c"],
    "Vhdl": ["impl\/vhdl\/diffeq.vhd"],
    "Verilog": ["impl\/verilog\/diffeq.v"],
    "Misc": ["impl\/misc\/logo.png"],
    "DesignXml": "C:\/Users\/vivek\/Music\/diffeq_wl\/diffeq\/solution1\/.autopilot\/db\/diffeq.design.xml",
    "DebugDir": "C:\/Users\/vivek\/Music\/diffeq_wl\/diffeq\/solution1\/.debug",
    "ProtoInst": ["C:\/Users\/vivek\/Music\/diffeq_wl\/diffeq\/solution1\/.debug\/diffeq.protoinst"]
  },
  "SubcoreInfo": {
    "HasXpmMemory": false,
    "HasClockedDsp": false,
    "IP": []
  },
  "Interfaces": {
    "ap_clk": {
      "type": "clock",
      "ctype": {"CLK": {"Type": "bool"}},
      "bundle_name": "ap_clk",
      "bundle_role": "default",
      "reset": "ap_rst"
    },
    "ap_ctrl": {
      "type": "ap_ctrl",
      "ctrl_ports": "ap_start ap_done ap_idle ap_ready",
      "ctype": {
        "start": {"Type": "bool"},
        "done": {"Type": "bool"},
        "idle": {"Type": "bool"},
        "ready": {"Type": "bool"}
      }
    },
    "ap_return": {
      "type": "data",
      "dir": "out",
      "width": "32",
      "ctype": {"DATA": {
          "Type": "integer signed",
          "Width": "32"
        }},
      "bundle_name": "ap_return",
      "bundle_role": "default"
    },
    "ap_rst": {
      "type": "reset",
      "polarity": "ACTIVE_HIGH",
      "ctype": {"RST": {"Type": "bool"}},
      "bundle_name": "ap_rst",
      "bundle_role": "default"
    },
    "dx": {
      "type": "data",
      "dir": "in",
      "width": "32",
      "ctype": {"DATA": {
          "Type": "integer signed",
          "Width": "32"
        }},
      "bundle_name": "dx",
      "bundle_role": "default"
    },
    "u": {
      "type": "data",
      "dir": "in",
      "width": "32",
      "ctype": {"DATA": {
          "Type": "integer signed",
          "Width": "32"
        }},
      "bundle_name": "u",
      "bundle_role": "default"
    },
    "x": {
      "type": "data",
      "dir": "in",
      "width": "32",
      "ctype": {"DATA": {
          "Type": "integer signed",
          "Width": "32"
        }},
      "bundle_name": "x",
      "bundle_role": "default"
    },
    "y": {
      "type": "data",
      "dir": "in",
      "width": "32",
      "ctype": {"DATA": {
          "Type": "integer signed",
          "Width": "32"
        }},
      "bundle_name": "y",
      "bundle_role": "default"
    }
  },
  "RtlPorts": {
    "ap_clk": {
      "dir": "in",
      "width": "1"
    },
    "ap_rst": {
      "dir": "in",
      "width": "1"
    },
    "ap_start": {
      "dir": "in",
      "width": "1"
    },
    "ap_done": {
      "dir": "out",
      "width": "1"
    },
    "ap_idle": {
      "dir": "out",
      "width": "1"
    },
    "ap_ready": {
      "dir": "out",
      "width": "1"
    },
    "ap_return": {
      "dir": "out",
      "width": "32"
    },
    "x": {
      "dir": "in",
      "width": "32"
    },
    "dx": {
      "dir": "in",
      "width": "32"
    },
    "u": {
      "dir": "in",
      "width": "32"
    },
    "y": {
      "dir": "in",
      "width": "32"
    }
  },
  "ModuleInfo": {
    "Hierarchy": {"ModuleName": "diffeq"},
    "Info": {"diffeq": {
        "FunctionProtocol": "ap_ctrl_hs",
        "isTaskLevelControl": "1",
        "isPipelined": "0",
        "isCombinational": "0",
        "isOneStateSeq": "0"
      }},
    "Metrics": {"diffeq": {
        "Latency": {
          "LatencyBest": "4",
          "LatencyAvg": "4",
          "LatencyWorst": "4",
          "PipelineII": "5",
          "PipelineDepth": "",
          "PipelineType": "none"
        },
        "Timing": {
          "Target": "10.00",
          "Uncertainty": "1.25",
          "Estimate": "8.510"
        },
        "Area": {
          "DSP48E": "12",
          "FF": "229",
          "LUT": "294",
          "BRAM_18K": "0",
          "URAM": "0"
        }
      }}
  },
  "Sdx": {
    "Target": "none",
    "ProfileOption": "0",
    "ProfileType": "none",
    "XO": "",
    "KernelName": "diffeq",
    "EnableXoSwEmu": "1"
  },
  "GenData": {
    "DataVersion": "0.2",
    "Time": "2021-01-29 09:50:12 +0530",
    "ToolName": "vivado_hls",
    "ToolVersion": "2019.2"
  }
}
