<stg><name>hls_macc</name>


<trans_list>

<trans id="65" from="1" to="2">
<condition id="-1">
<or_exp><and_exp></and_exp></or_exp>
</condition>
</trans>

<trans id="66" from="2" to="3">
<condition id="-1">
<or_exp><and_exp></and_exp></or_exp>
</condition>
</trans>

<trans id="67" from="3" to="4">
<condition id="-1">
<or_exp><and_exp></and_exp></or_exp>
</condition>
</trans>

<trans id="68" from="4" to="5">
<condition id="-1">
<or_exp><and_exp></and_exp></or_exp>
</condition>
</trans>
</trans_list>



<state_list>

<state id="1" st_id="1">

<operation id="6" st_id="1" stage="1" lat="1">
<core>NULL</core>
<MemPortIdVec></MemPortIdVec>
<condition id="-1">
<or_exp><and_exp></and_exp></or_exp>
</condition>

<Node id="29" bw="32" op_0_bw="32" op_1_bw="32">
<![CDATA[
:15  %in10_read = call i32 @_ssdm_op_Read.ap_auto.i32(i32 %in10) nounwind

]]></Node>
<StgValue><ssdm name="in10_read"/></StgValue>
</operation>

<operation id="7" st_id="1" stage="1" lat="1">
<core>NULL</core>
<MemPortIdVec></MemPortIdVec>
<condition id="-1">
<or_exp><and_exp></and_exp></or_exp>
</condition>

<Node id="32" bw="32" op_0_bw="32" op_1_bw="32">
<![CDATA[
:18  %in7_read = call i32 @_ssdm_op_Read.ap_auto.i32(i32 %in7) nounwind

]]></Node>
<StgValue><ssdm name="in7_read"/></StgValue>
</operation>

<operation id="8" st_id="1" stage="1" lat="1">
<core>NULL</core>
<MemPortIdVec></MemPortIdVec>
<condition id="-1">
<or_exp><and_exp></and_exp></or_exp>
</condition>

<Node id="35" bw="32" op_0_bw="32" op_1_bw="32">
<![CDATA[
:21  %in4_read = call i32 @_ssdm_op_Read.ap_auto.i32(i32 %in4) nounwind

]]></Node>
<StgValue><ssdm name="in4_read"/></StgValue>
</operation>

<operation id="9" st_id="1" stage="1" lat="1">
<core>Mul</core>
<MemPortIdVec></MemPortIdVec>
<condition id="-1">
<or_exp><and_exp></and_exp></or_exp>
</condition>

<Node id="46" bw="32" op_0_bw="32" op_1_bw="32">
<![CDATA[
:32  %add3 = mul i32 %in7_read, %in4_read

]]></Node>
<StgValue><ssdm name="add3"/></StgValue>
</operation>

<operation id="10" st_id="1" stage="1" lat="1">
<core>Mul</core>
<MemPortIdVec></MemPortIdVec>
<condition id="-1">
<or_exp><and_exp></and_exp></or_exp>
</condition>

<Node id="47" bw="32" op_0_bw="32" op_1_bw="32">
<![CDATA[
:33  %add5 = mul i32 %in10_read, %in10_read

]]></Node>
<StgValue><ssdm name="add5"/></StgValue>
</operation>
</state>

<state id="2" st_id="2">

<operation id="11" st_id="2" stage="1" lat="1">
<core>NULL</core>
<MemPortIdVec></MemPortIdVec>
<condition id="-1">
<or_exp><and_exp></and_exp></or_exp>
</condition>

<Node id="30" bw="32" op_0_bw="32" op_1_bw="32">
<![CDATA[
:16  %in9_read = call i32 @_ssdm_op_Read.ap_auto.i32(i32 %in9) nounwind

]]></Node>
<StgValue><ssdm name="in9_read"/></StgValue>
</operation>

<operation id="12" st_id="2" stage="1" lat="1">
<core>NULL</core>
<MemPortIdVec></MemPortIdVec>
<condition id="-1">
<or_exp><and_exp></and_exp></or_exp>
</condition>

<Node id="33" bw="32" op_0_bw="32" op_1_bw="32">
<![CDATA[
:19  %in6_read = call i32 @_ssdm_op_Read.ap_auto.i32(i32 %in6) nounwind

]]></Node>
<StgValue><ssdm name="in6_read"/></StgValue>
</operation>

<operation id="13" st_id="2" stage="1" lat="1">
<core>NULL</core>
<MemPortIdVec></MemPortIdVec>
<condition id="-1">
<or_exp><and_exp></and_exp></or_exp>
</condition>

<Node id="36" bw="32" op_0_bw="32" op_1_bw="32">
<![CDATA[
:22  %in3_read = call i32 @_ssdm_op_Read.ap_auto.i32(i32 %in3) nounwind

]]></Node>
<StgValue><ssdm name="in3_read"/></StgValue>
</operation>

<operation id="14" st_id="2" stage="1" lat="1">
<core>NULL</core>
<MemPortIdVec></MemPortIdVec>
<condition id="-1">
<or_exp><and_exp></and_exp></or_exp>
</condition>

<Node id="37" bw="32" op_0_bw="32" op_1_bw="32">
<![CDATA[
:23  %in2_read = call i32 @_ssdm_op_Read.ap_auto.i32(i32 %in2) nounwind

]]></Node>
<StgValue><ssdm name="in2_read"/></StgValue>
</operation>

<operation id="15" st_id="2" stage="1" lat="1">
<core>NULL</core>
<MemPortIdVec></MemPortIdVec>
<condition id="-1">
<or_exp><and_exp></and_exp></or_exp>
</condition>

<Node id="38" bw="32" op_0_bw="32" op_1_bw="32">
<![CDATA[
:24  %in1_read = call i32 @_ssdm_op_Read.ap_auto.i32(i32 %in1) nounwind

]]></Node>
<StgValue><ssdm name="in1_read"/></StgValue>
</operation>

<operation id="16" st_id="2" stage="1" lat="1">
<core>Mul</core>
<MemPortIdVec></MemPortIdVec>
<condition id="-1">
<or_exp><and_exp></and_exp></or_exp>
</condition>

<Node id="39" bw="32" op_0_bw="32" op_1_bw="32">
<![CDATA[
:25  %mult2 = mul nsw i32 %in3_read, %in1_read

]]></Node>
<StgValue><ssdm name="mult2"/></StgValue>
</operation>

<operation id="17" st_id="2" stage="1" lat="1">
<core>Mul</core>
<MemPortIdVec></MemPortIdVec>
<condition id="-1">
<or_exp><and_exp></and_exp></or_exp>
</condition>

<Node id="41" bw="32" op_0_bw="32" op_1_bw="32">
<![CDATA[
:27  %mult10 = mul nsw i32 %in9_read, %in6_read

]]></Node>
<StgValue><ssdm name="mult10"/></StgValue>
</operation>

<operation id="18" st_id="2" stage="1" lat="1">
<core>AddSub</core>
<MemPortIdVec></MemPortIdVec>
<condition id="-1">
<or_exp><and_exp></and_exp></or_exp>
</condition>

<Node id="51" bw="32" op_0_bw="32" op_1_bw="32">
<![CDATA[
:37  %tmp = add i32 %in2_read, %add3

]]></Node>
<StgValue><ssdm name="tmp"/></StgValue>
</operation>

<operation id="19" st_id="2" stage="1" lat="1">
<core>AddSub</core>
<MemPortIdVec></MemPortIdVec>
<condition id="-1">
<or_exp><and_exp></and_exp></or_exp>
</condition>

<Node id="62" bw="32" op_0_bw="32" op_1_bw="32">
<![CDATA[
:48  %tmp6 = add i32 %in7_read, %add5

]]></Node>
<StgValue><ssdm name="tmp6"/></StgValue>
</operation>
</state>

<state id="3" st_id="3">

<operation id="20" st_id="3" stage="1" lat="1">
<core>NULL</core>
<MemPortIdVec></MemPortIdVec>
<condition id="-1">
<or_exp><and_exp></and_exp></or_exp>
</condition>

<Node id="31" bw="32" op_0_bw="32" op_1_bw="32">
<![CDATA[
:17  %in8_read = call i32 @_ssdm_op_Read.ap_auto.i32(i32 %in8) nounwind

]]></Node>
<StgValue><ssdm name="in8_read"/></StgValue>
</operation>

<operation id="21" st_id="3" stage="1" lat="1">
<core>NULL</core>
<MemPortIdVec></MemPortIdVec>
<condition id="-1">
<or_exp><and_exp></and_exp></or_exp>
</condition>

<Node id="34" bw="32" op_0_bw="32" op_1_bw="32">
<![CDATA[
:20  %in5_read = call i32 @_ssdm_op_Read.ap_auto.i32(i32 %in5) nounwind

]]></Node>
<StgValue><ssdm name="in5_read"/></StgValue>
</operation>

<operation id="22" st_id="3" stage="1" lat="1">
<core>Mul</core>
<MemPortIdVec></MemPortIdVec>
<condition id="-1">
<or_exp><and_exp></and_exp></or_exp>
</condition>

<Node id="40" bw="32" op_0_bw="32" op_1_bw="32">
<![CDATA[
:26  %mult7 = mul nsw i32 %in6_read, %in3_read

]]></Node>
<StgValue><ssdm name="mult7"/></StgValue>
</operation>

<operation id="23" st_id="3" stage="1" lat="1">
<core>Mul</core>
<MemPortIdVec></MemPortIdVec>
<condition id="-1">
<or_exp><and_exp></and_exp></or_exp>
</condition>

<Node id="42" bw="32" op_0_bw="32" op_1_bw="32">
<![CDATA[
:28  %mult11 = mul nsw i32 %in8_read, %in6_read

]]></Node>
<StgValue><ssdm name="mult11"/></StgValue>
</operation>

<operation id="24" st_id="3" stage="1" lat="1">
<core>Mul</core>
<MemPortIdVec></MemPortIdVec>
<condition id="-1">
<or_exp><and_exp></and_exp></or_exp>
</condition>

<Node id="43" bw="32" op_0_bw="32" op_1_bw="32">
<![CDATA[
:29  %mult13 = mul nsw i32 %in8_read, %in7_read

]]></Node>
<StgValue><ssdm name="mult13"/></StgValue>
</operation>

<operation id="25" st_id="3" stage="1" lat="1">
<core>Mul</core>
<MemPortIdVec></MemPortIdVec>
<condition id="-1">
<or_exp><and_exp></and_exp></or_exp>
</condition>

<Node id="44" bw="32" op_0_bw="32" op_1_bw="32">
<![CDATA[
:30  %mul_ln24 = mul i32 %in5_read, %in4_read

]]></Node>
<StgValue><ssdm name="mul_ln24"/></StgValue>
</operation>

<operation id="26" st_id="3" stage="1" lat="1">
<core>AddSub</core>
<MemPortIdVec></MemPortIdVec>
<condition id="-1">
<or_exp><and_exp></and_exp></or_exp>
</condition>

<Node id="48" bw="32" op_0_bw="32" op_1_bw="32">
<![CDATA[
:34  %add_ln30 = add i32 %in2_read, %mult2

]]></Node>
<StgValue><ssdm name="add_ln30"/></StgValue>
</operation>

<operation id="27" st_id="3" stage="1" lat="1">
<core>Mul</core>
<MemPortIdVec></MemPortIdVec>
<condition id="-1">
<or_exp><and_exp></and_exp></or_exp>
</condition>

<Node id="52" bw="32" op_0_bw="32" op_1_bw="32">
<![CDATA[
:38  %tmp3 = mul i32 %in5_read, %tmp

]]></Node>
<StgValue><ssdm name="tmp3"/></StgValue>
</operation>

<operation id="28" st_id="3" stage="1" lat="1">
<core>AddSub</core>
<MemPortIdVec></MemPortIdVec>
<condition id="-1">
<or_exp><and_exp></and_exp></or_exp>
</condition>

<Node id="55" bw="32" op_0_bw="32" op_1_bw="32">
<![CDATA[
:41  %tmp4 = add i32 %in7_read, %in2_read

]]></Node>
<StgValue><ssdm name="tmp4"/></StgValue>
</operation>

<operation id="29" st_id="3" stage="1" lat="1">
<core>AddSub</core>
<MemPortIdVec></MemPortIdVec>
<condition id="-1">
<or_exp><and_exp></and_exp></or_exp>
</condition>

<Node id="60" bw="32" op_0_bw="32" op_1_bw="32">
<![CDATA[
:46  %add_ln42 = add i32 %in8_read, %mult10

]]></Node>
<StgValue><ssdm name="add_ln42"/></StgValue>
</operation>

<operation id="30" st_id="3" stage="1" lat="1">
<core>Mul</core>
<MemPortIdVec></MemPortIdVec>
<condition id="-1">
<or_exp><and_exp></and_exp></or_exp>
</condition>

<Node id="63" bw="32" op_0_bw="32" op_1_bw="32">
<![CDATA[
:49  %tmp7 = mul i32 %in9_read, %tmp6

]]></Node>
<StgValue><ssdm name="tmp7"/></StgValue>
</operation>
</state>

<state id="4" st_id="4">

<operation id="31" st_id="4" stage="1" lat="1">
<core>Mul</core>
<MemPortIdVec></MemPortIdVec>
<condition id="-1">
<or_exp><and_exp></and_exp></or_exp>
</condition>

<Node id="45" bw="32" op_0_bw="32" op_1_bw="32">
<![CDATA[
:31  %add2 = mul i32 %in4_read, %mul_ln24

]]></Node>
<StgValue><ssdm name="add2"/></StgValue>
</operation>

<operation id="32" st_id="4" stage="1" lat="1">
<core>Mul</core>
<MemPortIdVec></MemPortIdVec>
<condition id="-1">
<or_exp><and_exp></and_exp></or_exp>
</condition>

<Node id="49" bw="32" op_0_bw="32" op_1_bw="32">
<![CDATA[
:35  %add6 = mul i32 %in1_read, %add_ln30

]]></Node>
<StgValue><ssdm name="add6"/></StgValue>
</operation>

<operation id="33" st_id="4" stage="1" lat="1">
<core>AddSub</core>
<MemPortIdVec></MemPortIdVec>
<condition id="-1">
<or_exp><and_exp></and_exp></or_exp>
</condition>

<Node id="53" bw="32" op_0_bw="32" op_1_bw="32">
<![CDATA[
:39  %add9 = add nsw i32 %tmp3, %mult7

]]></Node>
<StgValue><ssdm name="add9"/></StgValue>
</operation>

<operation id="34" st_id="4" stage="1" lat="1">
<core>Mul</core>
<MemPortIdVec></MemPortIdVec>
<condition id="-1">
<or_exp><and_exp></and_exp></or_exp>
</condition>

<Node id="56" bw="32" op_0_bw="32" op_1_bw="32">
<![CDATA[
:42  %tmp5 = mul i32 %in3_read, %tmp4

]]></Node>
<StgValue><ssdm name="tmp5"/></StgValue>
</operation>

<operation id="35" st_id="4" stage="1" lat="1">
<core>Mul</core>
<MemPortIdVec></MemPortIdVec>
<condition id="-1">
<or_exp><and_exp></and_exp></or_exp>
</condition>

<Node id="61" bw="32" op_0_bw="32" op_1_bw="32">
<![CDATA[
:47  %add13 = mul i32 %in4_read, %add_ln42

]]></Node>
<StgValue><ssdm name="add13"/></StgValue>
</operation>

<operation id="36" st_id="4" stage="1" lat="1">
<core>AddSub</core>
<MemPortIdVec></MemPortIdVec>
<condition id="-1">
<or_exp><and_exp></and_exp></or_exp>
</condition>

<Node id="64" bw="32" op_0_bw="32" op_1_bw="32">
<![CDATA[
:50  %add14 = add nsw i32 %tmp7, %mult13

]]></Node>
<StgValue><ssdm name="add14"/></StgValue>
</operation>

<operation id="37" st_id="4" stage="1" lat="1">
<core>NULL</core>
<MemPortIdVec></MemPortIdVec>
<condition id="-1">
<or_exp><and_exp></and_exp></or_exp>
</condition>

<Node id="65" bw="29" op_0_bw="29" op_1_bw="32" op_2_bw="32" op_3_bw="32">
<![CDATA[
:51  %trunc_ln = call i29 @_ssdm_op_PartSelect.i29.i32.i32.i32(i32 %add14, i32 3, i32 31)

]]></Node>
<StgValue><ssdm name="trunc_ln"/></StgValue>
</operation>
</state>

<state id="5" st_id="5">

<operation id="38" st_id="5" stage="1" lat="1">
<core>NULL</core>
<MemPortIdVec></MemPortIdVec>
<condition id="-1">
<or_exp><and_exp></and_exp></or_exp>
</condition>

<Node id="14" bw="0" op_0_bw="0" op_1_bw="32">
<![CDATA[
:0  call void (...)* @_ssdm_op_SpecBitsMap(i32 %in1) nounwind, !map !7

]]></Node>
<StgValue><ssdm name="specbitsmap_ln0"/></StgValue>
</operation>

<operation id="39" st_id="5" stage="1" lat="1">
<core>NULL</core>
<MemPortIdVec></MemPortIdVec>
<condition id="-1">
<or_exp><and_exp></and_exp></or_exp>
</condition>

<Node id="15" bw="0" op_0_bw="0" op_1_bw="32">
<![CDATA[
:1  call void (...)* @_ssdm_op_SpecBitsMap(i32 %in2) nounwind, !map !13

]]></Node>
<StgValue><ssdm name="specbitsmap_ln0"/></StgValue>
</operation>

<operation id="40" st_id="5" stage="1" lat="1">
<core>NULL</core>
<MemPortIdVec></MemPortIdVec>
<condition id="-1">
<or_exp><and_exp></and_exp></or_exp>
</condition>

<Node id="16" bw="0" op_0_bw="0" op_1_bw="32">
<![CDATA[
:2  call void (...)* @_ssdm_op_SpecBitsMap(i32 %in3) nounwind, !map !17

]]></Node>
<StgValue><ssdm name="specbitsmap_ln0"/></StgValue>
</operation>

<operation id="41" st_id="5" stage="1" lat="1">
<core>NULL</core>
<MemPortIdVec></MemPortIdVec>
<condition id="-1">
<or_exp><and_exp></and_exp></or_exp>
</condition>

<Node id="17" bw="0" op_0_bw="0" op_1_bw="32">
<![CDATA[
:3  call void (...)* @_ssdm_op_SpecBitsMap(i32 %in4) nounwind, !map !21

]]></Node>
<StgValue><ssdm name="specbitsmap_ln0"/></StgValue>
</operation>

<operation id="42" st_id="5" stage="1" lat="1">
<core>NULL</core>
<MemPortIdVec></MemPortIdVec>
<condition id="-1">
<or_exp><and_exp></and_exp></or_exp>
</condition>

<Node id="18" bw="0" op_0_bw="0" op_1_bw="32">
<![CDATA[
:4  call void (...)* @_ssdm_op_SpecBitsMap(i32 %in5) nounwind, !map !25

]]></Node>
<StgValue><ssdm name="specbitsmap_ln0"/></StgValue>
</operation>

<operation id="43" st_id="5" stage="1" lat="1">
<core>NULL</core>
<MemPortIdVec></MemPortIdVec>
<condition id="-1">
<or_exp><and_exp></and_exp></or_exp>
</condition>

<Node id="19" bw="0" op_0_bw="0" op_1_bw="32">
<![CDATA[
:5  call void (...)* @_ssdm_op_SpecBitsMap(i32 %in6) nounwind, !map !29

]]></Node>
<StgValue><ssdm name="specbitsmap_ln0"/></StgValue>
</operation>

<operation id="44" st_id="5" stage="1" lat="1">
<core>NULL</core>
<MemPortIdVec></MemPortIdVec>
<condition id="-1">
<or_exp><and_exp></and_exp></or_exp>
</condition>

<Node id="20" bw="0" op_0_bw="0" op_1_bw="32">
<![CDATA[
:6  call void (...)* @_ssdm_op_SpecBitsMap(i32 %in7) nounwind, !map !33

]]></Node>
<StgValue><ssdm name="specbitsmap_ln0"/></StgValue>
</operation>

<operation id="45" st_id="5" stage="1" lat="1">
<core>NULL</core>
<MemPortIdVec></MemPortIdVec>
<condition id="-1">
<or_exp><and_exp></and_exp></or_exp>
</condition>

<Node id="21" bw="0" op_0_bw="0" op_1_bw="32">
<![CDATA[
:7  call void (...)* @_ssdm_op_SpecBitsMap(i32 %in8) nounwind, !map !37

]]></Node>
<StgValue><ssdm name="specbitsmap_ln0"/></StgValue>
</operation>

<operation id="46" st_id="5" stage="1" lat="1">
<core>NULL</core>
<MemPortIdVec></MemPortIdVec>
<condition id="-1">
<or_exp><and_exp></and_exp></or_exp>
</condition>

<Node id="22" bw="0" op_0_bw="0" op_1_bw="32">
<![CDATA[
:8  call void (...)* @_ssdm_op_SpecBitsMap(i32 %in9) nounwind, !map !41

]]></Node>
<StgValue><ssdm name="specbitsmap_ln0"/></StgValue>
</operation>

<operation id="47" st_id="5" stage="1" lat="1">
<core>NULL</core>
<MemPortIdVec></MemPortIdVec>
<condition id="-1">
<or_exp><and_exp></and_exp></or_exp>
</condition>

<Node id="23" bw="0" op_0_bw="0" op_1_bw="32">
<![CDATA[
:9  call void (...)* @_ssdm_op_SpecBitsMap(i32 %in10) nounwind, !map !45

]]></Node>
<StgValue><ssdm name="specbitsmap_ln0"/></StgValue>
</operation>

<operation id="48" st_id="5" stage="1" lat="1">
<core>NULL</core>
<MemPortIdVec></MemPortIdVec>
<condition id="-1">
<or_exp><and_exp></and_exp></or_exp>
</condition>

<Node id="24" bw="0" op_0_bw="0" op_1_bw="32">
<![CDATA[
:10  call void (...)* @_ssdm_op_SpecBitsMap(i32* %out1) nounwind, !map !49

]]></Node>
<StgValue><ssdm name="specbitsmap_ln0"/></StgValue>
</operation>

<operation id="49" st_id="5" stage="1" lat="1">
<core>NULL</core>
<MemPortIdVec></MemPortIdVec>
<condition id="-1">
<or_exp><and_exp></and_exp></or_exp>
</condition>

<Node id="25" bw="0" op_0_bw="0" op_1_bw="32">
<![CDATA[
:11  call void (...)* @_ssdm_op_SpecBitsMap(i32* %out2) nounwind, !map !55

]]></Node>
<StgValue><ssdm name="specbitsmap_ln0"/></StgValue>
</operation>

<operation id="50" st_id="5" stage="1" lat="1">
<core>NULL</core>
<MemPortIdVec></MemPortIdVec>
<condition id="-1">
<or_exp><and_exp></and_exp></or_exp>
</condition>

<Node id="26" bw="0" op_0_bw="0" op_1_bw="32">
<![CDATA[
:12  call void (...)* @_ssdm_op_SpecBitsMap(i32* %out3) nounwind, !map !59

]]></Node>
<StgValue><ssdm name="specbitsmap_ln0"/></StgValue>
</operation>

<operation id="51" st_id="5" stage="1" lat="1">
<core>NULL</core>
<MemPortIdVec></MemPortIdVec>
<condition id="-1">
<or_exp><and_exp></and_exp></or_exp>
</condition>

<Node id="27" bw="0" op_0_bw="0" op_1_bw="32">
<![CDATA[
:13  call void (...)* @_ssdm_op_SpecBitsMap(i32 0) nounwind, !map !63

]]></Node>
<StgValue><ssdm name="specbitsmap_ln0"/></StgValue>
</operation>

<operation id="52" st_id="5" stage="1" lat="1">
<core>NULL</core>
<MemPortIdVec></MemPortIdVec>
<condition id="-1">
<or_exp><and_exp></and_exp></or_exp>
</condition>

<Node id="28" bw="0" op_0_bw="0" op_1_bw="0">
<![CDATA[
:14  call void (...)* @_ssdm_op_SpecTopModule([9 x i8]* @hls_macc_str) nounwind

]]></Node>
<StgValue><ssdm name="spectopmodule_ln0"/></StgValue>
</operation>

<operation id="53" st_id="5" stage="1" lat="1">
<core>NULL</core>
<MemPortIdVec></MemPortIdVec>
<condition id="-1">
<or_exp><and_exp></and_exp></or_exp>
</condition>

<Node id="50" bw="0" op_0_bw="0" op_1_bw="32" op_2_bw="32">
<![CDATA[
:36  call void @_ssdm_op_Write.ap_auto.i32P(i32* %out1, i32 %add6) nounwind

]]></Node>
<StgValue><ssdm name="write_ln31"/></StgValue>
</operation>

<operation id="54" st_id="5" stage="1" lat="1">
<core>NULL</core>
<MemPortIdVec></MemPortIdVec>
<condition id="-1">
<or_exp><and_exp></and_exp></or_exp>
</condition>

<Node id="54" bw="32" op_0_bw="32" op_1_bw="32">
<![CDATA[
:40  %shf1 = shl i32 %add9, 3

]]></Node>
<StgValue><ssdm name="shf1"/></StgValue>
</operation>

<operation id="55" st_id="5" stage="1" lat="1">
<core>TAddSub</core>
<MemPortIdVec></MemPortIdVec>
<condition id="-1">
<or_exp><and_exp></and_exp></or_exp>
</condition>

<Node id="57" bw="32" op_0_bw="32" op_1_bw="32">
<![CDATA[
:43  %add_ln40_1 = add i32 %shf1, %tmp5

]]></Node>
<StgValue><ssdm name="add_ln40_1"/></StgValue>
</operation>

<operation id="56" st_id="5" stage="1" lat="1">
<core>TAddSub</core>
<MemPortIdVec></MemPortIdVec>
<condition id="-1">
<or_exp><and_exp></and_exp></or_exp>
</condition>

<Node id="58" bw="32" op_0_bw="32" op_1_bw="32">
<![CDATA[
:44  %add_ln40 = add i32 %add2, %add_ln40_1

]]></Node>
<StgValue><ssdm name="add_ln40"/></StgValue>
</operation>

<operation id="57" st_id="5" stage="1" lat="1">
<core>NULL</core>
<MemPortIdVec></MemPortIdVec>
<condition id="-1">
<or_exp><and_exp></and_exp></or_exp>
</condition>

<Node id="59" bw="0" op_0_bw="0" op_1_bw="32" op_2_bw="32">
<![CDATA[
:45  call void @_ssdm_op_Write.ap_auto.i32P(i32* %out2, i32 %add_ln40) nounwind

]]></Node>
<StgValue><ssdm name="write_ln40"/></StgValue>
</operation>

<operation id="58" st_id="5" stage="1" lat="1">
<core>NULL</core>
<MemPortIdVec></MemPortIdVec>
<condition id="-1">
<or_exp><and_exp></and_exp></or_exp>
</condition>

<Node id="66" bw="32" op_0_bw="29">
<![CDATA[
:52  %shf2 = sext i29 %trunc_ln to i32

]]></Node>
<StgValue><ssdm name="shf2"/></StgValue>
</operation>

<operation id="59" st_id="5" stage="1" lat="1">
<core>TAddSub</core>
<MemPortIdVec></MemPortIdVec>
<condition id="-1">
<or_exp><and_exp></and_exp></or_exp>
</condition>

<Node id="67" bw="32" op_0_bw="32" op_1_bw="32">
<![CDATA[
:53  %add_ln49_1 = add i32 %shf2, %add13

]]></Node>
<StgValue><ssdm name="add_ln49_1"/></StgValue>
</operation>

<operation id="60" st_id="5" stage="1" lat="1">
<core>TAddSub</core>
<MemPortIdVec></MemPortIdVec>
<condition id="-1">
<or_exp><and_exp></and_exp></or_exp>
</condition>

<Node id="68" bw="32" op_0_bw="32" op_1_bw="32">
<![CDATA[
:54  %add_ln49 = add i32 %mult11, %add_ln49_1

]]></Node>
<StgValue><ssdm name="add_ln49"/></StgValue>
</operation>

<operation id="61" st_id="5" stage="1" lat="1">
<core>NULL</core>
<MemPortIdVec></MemPortIdVec>
<condition id="-1">
<or_exp><and_exp></and_exp></or_exp>
</condition>

<Node id="69" bw="0" op_0_bw="0" op_1_bw="32" op_2_bw="32">
<![CDATA[
:55  call void @_ssdm_op_Write.ap_auto.i32P(i32* %out3, i32 %add_ln49) nounwind

]]></Node>
<StgValue><ssdm name="write_ln49"/></StgValue>
</operation>

<operation id="62" st_id="5" stage="1" lat="1">
<core>TAddSub</core>
<MemPortIdVec></MemPortIdVec>
<condition id="-1">
<or_exp><and_exp></and_exp></or_exp>
</condition>

<Node id="70" bw="32" op_0_bw="32" op_1_bw="32">
<![CDATA[
:56  %add_ln51 = add i32 %add_ln40, %add6

]]></Node>
<StgValue><ssdm name="add_ln51"/></StgValue>
</operation>

<operation id="63" st_id="5" stage="1" lat="1">
<core>TAddSub</core>
<MemPortIdVec></MemPortIdVec>
<condition id="-1">
<or_exp><and_exp></and_exp></or_exp>
</condition>

<Node id="71" bw="32" op_0_bw="32" op_1_bw="32">
<![CDATA[
:57  %add_ln51_1 = add i32 %add_ln49, %add_ln51

]]></Node>
<StgValue><ssdm name="add_ln51_1"/></StgValue>
</operation>

<operation id="64" st_id="5" stage="1" lat="1">
<core>NULL</core>
<MemPortIdVec></MemPortIdVec>
<condition id="-1">
<or_exp><and_exp></and_exp></or_exp>
</condition>

<Node id="72" bw="0" op_0_bw="32">
<![CDATA[
:58  ret i32 %add_ln51_1

]]></Node>
<StgValue><ssdm name="ret_ln51"/></StgValue>
</operation>
</state>
</state_list>


<ports>
<port id="69" name="in1" dir="0" iftype="0">
<core>NULL</core><StgValue><ssdm name="in1"/></StgValue>
</port>
<port id="70" name="in2" dir="0" iftype="0">
<core>NULL</core><StgValue><ssdm name="in2"/></StgValue>
</port>
<port id="71" name="in3" dir="0" iftype="0">
<core>NULL</core><StgValue><ssdm name="in3"/></StgValue>
</port>
<port id="72" name="in4" dir="0" iftype="0">
<core>NULL</core><StgValue><ssdm name="in4"/></StgValue>
</port>
<port id="73" name="in5" dir="0" iftype="0">
<core>NULL</core><StgValue><ssdm name="in5"/></StgValue>
</port>
<port id="74" name="in6" dir="0" iftype="0">
<core>NULL</core><StgValue><ssdm name="in6"/></StgValue>
</port>
<port id="75" name="in7" dir="0" iftype="0">
<core>NULL</core><StgValue><ssdm name="in7"/></StgValue>
</port>
<port id="76" name="in8" dir="0" iftype="0">
<core>NULL</core><StgValue><ssdm name="in8"/></StgValue>
</port>
<port id="77" name="in9" dir="0" iftype="0">
<core>NULL</core><StgValue><ssdm name="in9"/></StgValue>
</port>
<port id="78" name="in10" dir="0" iftype="0">
<core>NULL</core><StgValue><ssdm name="in10"/></StgValue>
</port>
<port id="79" name="out1" dir="1" iftype="0">
<core>NULL</core><StgValue><ssdm name="out1"/></StgValue>
</port>
<port id="80" name="out2" dir="1" iftype="0">
<core>NULL</core><StgValue><ssdm name="out2"/></StgValue>
</port>
<port id="81" name="out3" dir="1" iftype="0">
<core>NULL</core><StgValue><ssdm name="out3"/></StgValue>
</port>
</ports>


<dataflows>
<dataflow id="83" from="_ssdm_op_Read.ap_auto.i32" to="in10_read" fromId="82" toId="6">
</dataflow>
<dataflow id="84" from="in10" to="in10_read" fromId="78" toId="6">
</dataflow>
<dataflow id="85" from="_ssdm_op_Read.ap_auto.i32" to="in7_read" fromId="82" toId="7">
</dataflow>
<dataflow id="86" from="in7" to="in7_read" fromId="75" toId="7">
</dataflow>
<dataflow id="87" from="_ssdm_op_Read.ap_auto.i32" to="in4_read" fromId="82" toId="8">
</dataflow>
<dataflow id="88" from="in4" to="in4_read" fromId="72" toId="8">
</dataflow>
<dataflow id="89" from="in7_read" to="add3" fromId="7" toId="9">
</dataflow>
<dataflow id="90" from="in4_read" to="add3" fromId="8" toId="9">
</dataflow>
<dataflow id="91" from="in10_read" to="add5" fromId="6" toId="10">
</dataflow>
<dataflow id="92" from="in10_read" to="add5" fromId="6" toId="10">
</dataflow>
<dataflow id="93" from="_ssdm_op_Read.ap_auto.i32" to="in9_read" fromId="82" toId="11">
</dataflow>
<dataflow id="94" from="in9" to="in9_read" fromId="77" toId="11">
</dataflow>
<dataflow id="95" from="_ssdm_op_Read.ap_auto.i32" to="in6_read" fromId="82" toId="12">
</dataflow>
<dataflow id="96" from="in6" to="in6_read" fromId="74" toId="12">
</dataflow>
<dataflow id="97" from="_ssdm_op_Read.ap_auto.i32" to="in3_read" fromId="82" toId="13">
</dataflow>
<dataflow id="98" from="in3" to="in3_read" fromId="71" toId="13">
</dataflow>
<dataflow id="99" from="_ssdm_op_Read.ap_auto.i32" to="in2_read" fromId="82" toId="14">
</dataflow>
<dataflow id="100" from="in2" to="in2_read" fromId="70" toId="14">
</dataflow>
<dataflow id="101" from="_ssdm_op_Read.ap_auto.i32" to="in1_read" fromId="82" toId="15">
</dataflow>
<dataflow id="102" from="in1" to="in1_read" fromId="69" toId="15">
</dataflow>
<dataflow id="103" from="in3_read" to="mult2" fromId="13" toId="16">
</dataflow>
<dataflow id="104" from="in1_read" to="mult2" fromId="15" toId="16">
</dataflow>
<dataflow id="105" from="in9_read" to="mult10" fromId="11" toId="17">
</dataflow>
<dataflow id="106" from="in6_read" to="mult10" fromId="12" toId="17">
</dataflow>
<dataflow id="107" from="in2_read" to="tmp" fromId="14" toId="18">
</dataflow>
<dataflow id="108" from="add3" to="tmp" fromId="9" toId="18">
</dataflow>
<dataflow id="109" from="in7_read" to="tmp6" fromId="7" toId="19">
</dataflow>
<dataflow id="110" from="add5" to="tmp6" fromId="10" toId="19">
</dataflow>
<dataflow id="111" from="_ssdm_op_Read.ap_auto.i32" to="in8_read" fromId="82" toId="20">
</dataflow>
<dataflow id="112" from="in8" to="in8_read" fromId="76" toId="20">
</dataflow>
<dataflow id="113" from="_ssdm_op_Read.ap_auto.i32" to="in5_read" fromId="82" toId="21">
</dataflow>
<dataflow id="114" from="in5" to="in5_read" fromId="73" toId="21">
</dataflow>
<dataflow id="115" from="in6_read" to="mult7" fromId="12" toId="22">
</dataflow>
<dataflow id="116" from="in3_read" to="mult7" fromId="13" toId="22">
</dataflow>
<dataflow id="117" from="in8_read" to="mult11" fromId="20" toId="23">
</dataflow>
<dataflow id="118" from="in6_read" to="mult11" fromId="12" toId="23">
</dataflow>
<dataflow id="119" from="in8_read" to="mult13" fromId="20" toId="24">
</dataflow>
<dataflow id="120" from="in7_read" to="mult13" fromId="7" toId="24">
</dataflow>
<dataflow id="121" from="in5_read" to="mul_ln24" fromId="21" toId="25">
</dataflow>
<dataflow id="122" from="in4_read" to="mul_ln24" fromId="8" toId="25">
</dataflow>
<dataflow id="123" from="in2_read" to="add_ln30" fromId="14" toId="26">
</dataflow>
<dataflow id="124" from="mult2" to="add_ln30" fromId="16" toId="26">
</dataflow>
<dataflow id="125" from="in5_read" to="tmp3" fromId="21" toId="27">
</dataflow>
<dataflow id="126" from="tmp" to="tmp3" fromId="18" toId="27">
</dataflow>
<dataflow id="127" from="in7_read" to="tmp4" fromId="7" toId="28">
</dataflow>
<dataflow id="128" from="in2_read" to="tmp4" fromId="14" toId="28">
</dataflow>
<dataflow id="129" from="in8_read" to="add_ln42" fromId="20" toId="29">
</dataflow>
<dataflow id="130" from="mult10" to="add_ln42" fromId="17" toId="29">
</dataflow>
<dataflow id="131" from="in9_read" to="tmp7" fromId="11" toId="30">
</dataflow>
<dataflow id="132" from="tmp6" to="tmp7" fromId="19" toId="30">
</dataflow>
<dataflow id="133" from="in4_read" to="add2" fromId="8" toId="31">
</dataflow>
<dataflow id="134" from="mul_ln24" to="add2" fromId="25" toId="31">
</dataflow>
<dataflow id="135" from="in1_read" to="add6" fromId="15" toId="32">
</dataflow>
<dataflow id="136" from="add_ln30" to="add6" fromId="26" toId="32">
</dataflow>
<dataflow id="137" from="tmp3" to="add9" fromId="27" toId="33">
</dataflow>
<dataflow id="138" from="mult7" to="add9" fromId="22" toId="33">
</dataflow>
<dataflow id="139" from="in3_read" to="tmp5" fromId="13" toId="34">
</dataflow>
<dataflow id="140" from="tmp4" to="tmp5" fromId="28" toId="34">
</dataflow>
<dataflow id="141" from="in4_read" to="add13" fromId="8" toId="35">
</dataflow>
<dataflow id="142" from="add_ln42" to="add13" fromId="29" toId="35">
</dataflow>
<dataflow id="143" from="tmp7" to="add14" fromId="30" toId="36">
</dataflow>
<dataflow id="144" from="mult13" to="add14" fromId="24" toId="36">
</dataflow>
<dataflow id="146" from="_ssdm_op_PartSelect.i29.i32.i32.i32" to="trunc_ln" fromId="145" toId="37">
</dataflow>
<dataflow id="147" from="add14" to="trunc_ln" fromId="36" toId="37">
</dataflow>
<dataflow id="149" from="StgValue_148" to="trunc_ln" fromId="148" toId="37">
</dataflow>
<dataflow id="151" from="StgValue_150" to="trunc_ln" fromId="150" toId="37">
</dataflow>
<dataflow id="153" from="_ssdm_op_SpecBitsMap" to="specbitsmap_ln0" fromId="152" toId="38">
</dataflow>
<dataflow id="154" from="in1" to="specbitsmap_ln0" fromId="69" toId="38">
</dataflow>
<dataflow id="155" from="_ssdm_op_SpecBitsMap" to="specbitsmap_ln0" fromId="152" toId="39">
</dataflow>
<dataflow id="156" from="in2" to="specbitsmap_ln0" fromId="70" toId="39">
</dataflow>
<dataflow id="157" from="_ssdm_op_SpecBitsMap" to="specbitsmap_ln0" fromId="152" toId="40">
</dataflow>
<dataflow id="158" from="in3" to="specbitsmap_ln0" fromId="71" toId="40">
</dataflow>
<dataflow id="159" from="_ssdm_op_SpecBitsMap" to="specbitsmap_ln0" fromId="152" toId="41">
</dataflow>
<dataflow id="160" from="in4" to="specbitsmap_ln0" fromId="72" toId="41">
</dataflow>
<dataflow id="161" from="_ssdm_op_SpecBitsMap" to="specbitsmap_ln0" fromId="152" toId="42">
</dataflow>
<dataflow id="162" from="in5" to="specbitsmap_ln0" fromId="73" toId="42">
</dataflow>
<dataflow id="163" from="_ssdm_op_SpecBitsMap" to="specbitsmap_ln0" fromId="152" toId="43">
</dataflow>
<dataflow id="164" from="in6" to="specbitsmap_ln0" fromId="74" toId="43">
</dataflow>
<dataflow id="165" from="_ssdm_op_SpecBitsMap" to="specbitsmap_ln0" fromId="152" toId="44">
</dataflow>
<dataflow id="166" from="in7" to="specbitsmap_ln0" fromId="75" toId="44">
</dataflow>
<dataflow id="167" from="_ssdm_op_SpecBitsMap" to="specbitsmap_ln0" fromId="152" toId="45">
</dataflow>
<dataflow id="168" from="in8" to="specbitsmap_ln0" fromId="76" toId="45">
</dataflow>
<dataflow id="169" from="_ssdm_op_SpecBitsMap" to="specbitsmap_ln0" fromId="152" toId="46">
</dataflow>
<dataflow id="170" from="in9" to="specbitsmap_ln0" fromId="77" toId="46">
</dataflow>
<dataflow id="171" from="_ssdm_op_SpecBitsMap" to="specbitsmap_ln0" fromId="152" toId="47">
</dataflow>
<dataflow id="172" from="in10" to="specbitsmap_ln0" fromId="78" toId="47">
</dataflow>
<dataflow id="173" from="_ssdm_op_SpecBitsMap" to="specbitsmap_ln0" fromId="152" toId="48">
</dataflow>
<dataflow id="174" from="out1" to="specbitsmap_ln0" fromId="79" toId="48">
</dataflow>
<dataflow id="175" from="_ssdm_op_SpecBitsMap" to="specbitsmap_ln0" fromId="152" toId="49">
</dataflow>
<dataflow id="176" from="out2" to="specbitsmap_ln0" fromId="80" toId="49">
</dataflow>
<dataflow id="177" from="_ssdm_op_SpecBitsMap" to="specbitsmap_ln0" fromId="152" toId="50">
</dataflow>
<dataflow id="178" from="out3" to="specbitsmap_ln0" fromId="81" toId="50">
</dataflow>
<dataflow id="179" from="_ssdm_op_SpecBitsMap" to="specbitsmap_ln0" fromId="152" toId="51">
</dataflow>
<dataflow id="181" from="StgValue_180" to="specbitsmap_ln0" fromId="180" toId="51">
</dataflow>
<dataflow id="183" from="_ssdm_op_SpecTopModule" to="spectopmodule_ln0" fromId="182" toId="52">
</dataflow>
<dataflow id="185" from="hls_macc_str" to="spectopmodule_ln0" fromId="184" toId="52">
</dataflow>
<dataflow id="187" from="_ssdm_op_Write.ap_auto.i32P" to="write_ln31" fromId="186" toId="53">
</dataflow>
<dataflow id="188" from="out1" to="write_ln31" fromId="79" toId="53">
</dataflow>
<dataflow id="189" from="add6" to="write_ln31" fromId="32" toId="53">
</dataflow>
<dataflow id="190" from="add9" to="shf1" fromId="33" toId="54">
</dataflow>
<dataflow id="191" from="StgValue_148" to="shf1" fromId="148" toId="54">
</dataflow>
<dataflow id="192" from="shf1" to="add_ln40_1" fromId="54" toId="55">
</dataflow>
<dataflow id="193" from="tmp5" to="add_ln40_1" fromId="34" toId="55">
</dataflow>
<dataflow id="194" from="add2" to="add_ln40" fromId="31" toId="56">
</dataflow>
<dataflow id="195" from="add_ln40_1" to="add_ln40" fromId="55" toId="56">
</dataflow>
<dataflow id="196" from="_ssdm_op_Write.ap_auto.i32P" to="write_ln40" fromId="186" toId="57">
</dataflow>
<dataflow id="197" from="out2" to="write_ln40" fromId="80" toId="57">
</dataflow>
<dataflow id="198" from="add_ln40" to="write_ln40" fromId="56" toId="57">
</dataflow>
<dataflow id="199" from="trunc_ln" to="shf2" fromId="37" toId="58">
</dataflow>
<dataflow id="200" from="shf2" to="add_ln49_1" fromId="58" toId="59">
</dataflow>
<dataflow id="201" from="add13" to="add_ln49_1" fromId="35" toId="59">
</dataflow>
<dataflow id="202" from="mult11" to="add_ln49" fromId="23" toId="60">
</dataflow>
<dataflow id="203" from="add_ln49_1" to="add_ln49" fromId="59" toId="60">
</dataflow>
<dataflow id="204" from="_ssdm_op_Write.ap_auto.i32P" to="write_ln49" fromId="186" toId="61">
</dataflow>
<dataflow id="205" from="out3" to="write_ln49" fromId="81" toId="61">
</dataflow>
<dataflow id="206" from="add_ln49" to="write_ln49" fromId="60" toId="61">
</dataflow>
<dataflow id="207" from="add_ln40" to="add_ln51" fromId="56" toId="62">
</dataflow>
<dataflow id="208" from="add6" to="add_ln51" fromId="32" toId="62">
</dataflow>
<dataflow id="209" from="add_ln49" to="add_ln51_1" fromId="60" toId="63">
</dataflow>
<dataflow id="210" from="add_ln51" to="add_ln51_1" fromId="62" toId="63">
</dataflow>
<dataflow id="211" from="add_ln51_1" to="ret_ln51" fromId="63" toId="64">
</dataflow>
</dataflows>


</stg>
