<annotationInfo>
<annotationInfo>
<item  id="39" filename="motion_return.c" linenumber="8" name="mult2" contextFuncName="hls_macc" moduleName="hls_macc" rtlName="mult2_fu_137_p2" latency="0" BRAM="-1" DSP="3" FF="0" LUT="20" fileDirectory="C:\Users\vivek\Music\Motion"><\/item>
<item  id="40" filename="motion_return.c" linenumber="14" name="mult7" contextFuncName="hls_macc" moduleName="hls_macc" rtlName="mult7_fu_158_p2" latency="0" BRAM="-1" DSP="3" FF="0" LUT="20" fileDirectory="C:\Users\vivek\Music\Motion"><\/item>
<item  id="41" filename="motion_return.c" linenumber="17" name="mult10" contextFuncName="hls_macc" moduleName="hls_macc" rtlName="mult10_fu_143_p2" latency="0" BRAM="-1" DSP="3" FF="0" LUT="20" fileDirectory="C:\Users\vivek\Music\Motion"><\/item>
<item  id="42" filename="motion_return.c" linenumber="18" name="mult11" contextFuncName="hls_macc" moduleName="hls_macc" rtlName="mult11_fu_162_p2" latency="0" BRAM="-1" DSP="3" FF="0" LUT="20" fileDirectory="C:\Users\vivek\Music\Motion"><\/item>
<item  id="43" filename="motion_return.c" linenumber="20" name="mult13" contextFuncName="hls_macc" moduleName="hls_macc" rtlName="mult13_fu_167_p2" latency="0" BRAM="-1" DSP="3" FF="0" LUT="20" fileDirectory="C:\Users\vivek\Music\Motion"><\/item>
<item  id="44" filename="motion_return.c" linenumber="24" name="mul_ln24" contextFuncName="hls_macc" moduleName="hls_macc" rtlName="mul_ln24_fu_172_p2" latency="0" BRAM="-1" DSP="3" FF="0" LUT="20" fileDirectory="C:\Users\vivek\Music\Motion"><\/item>
<item  id="45" filename="motion_return.c" linenumber="24" name="add2" contextFuncName="hls_macc" moduleName="hls_macc" rtlName="add2_fu_199_p2" latency="0" BRAM="-1" DSP="3" FF="0" LUT="20" fileDirectory="C:\Users\vivek\Music\Motion"><\/item>
<item  id="46" filename="motion_return.c" linenumber="25" name="add3" contextFuncName="hls_macc" moduleName="hls_macc" rtlName="add3_fu_125_p2" latency="0" BRAM="-1" DSP="3" FF="0" LUT="20" fileDirectory="C:\Users\vivek\Music\Motion"><\/item>
<item  id="47" filename="motion_return.c" linenumber="27" name="add5" contextFuncName="hls_macc" moduleName="hls_macc" rtlName="add5_fu_131_p2" latency="0" BRAM="-1" DSP="3" FF="0" LUT="20" fileDirectory="C:\Users\vivek\Music\Motion"><\/item>
<item  id="48" filename="motion_return.c" linenumber="30" name="add_ln30" contextFuncName="hls_macc" moduleName="hls_macc" rtlName="add_ln30_fu_177_p2" latency="0" BRAM="-1" DSP="-1" FF="0" LUT="39" fileDirectory="C:\Users\vivek\Music\Motion"><\/item>
<item  id="49" filename="motion_return.c" linenumber="30" name="add6" contextFuncName="hls_macc" moduleName="hls_macc" rtlName="add6_fu_203_p2" latency="0" BRAM="-1" DSP="3" FF="0" LUT="20" fileDirectory="C:\Users\vivek\Music\Motion"><\/item>
<item  id="51" filename="motion_return.c" linenumber="4" name="tmp" contextFuncName="hls_macc" moduleName="hls_macc" rtlName="tmp_fu_149_p2" latency="0" BRAM="-1" DSP="-1" FF="0" LUT="39" fileDirectory="C:\Users\vivek\Music\Motion"><\/item>
<item  id="52" filename="motion_return.c" linenumber="4" name="tmp3" contextFuncName="hls_macc" moduleName="hls_macc" rtlName="tmp3_fu_181_p2" latency="0" BRAM="-1" DSP="3" FF="0" LUT="20" fileDirectory="C:\Users\vivek\Music\Motion"><\/item>
<item  id="53" filename="motion_return.c" linenumber="37" name="add9" contextFuncName="hls_macc" moduleName="hls_macc" rtlName="add9_fu_207_p2" latency="0" BRAM="-1" DSP="-1" FF="0" LUT="39" fileDirectory="C:\Users\vivek\Music\Motion"><\/item>
<item  id="54" filename="motion_return.c" linenumber="39" name="shf1" contextFuncName="hls_macc" moduleName="hls_macc" rtlName="shf1_fu_233_p2" latency="0" BRAM="-1" DSP="-1" FF="-1" LUT="-1" fileDirectory="C:\Users\vivek\Music\Motion"><\/item>
<item  id="55" filename="motion_return.c" linenumber="4" name="tmp4" contextFuncName="hls_macc" moduleName="hls_macc" rtlName="tmp4_fu_186_p2" latency="0" BRAM="-1" DSP="-1" FF="0" LUT="39" fileDirectory="C:\Users\vivek\Music\Motion"><\/item>
<item  id="56" filename="motion_return.c" linenumber="4" name="tmp5" contextFuncName="hls_macc" moduleName="hls_macc" rtlName="tmp5_fu_211_p2" latency="0" BRAM="-1" DSP="3" FF="0" LUT="20" fileDirectory="C:\Users\vivek\Music\Motion"><\/item>
<item  id="57" filename="motion_return.c" linenumber="40" name="add_ln40_1" contextFuncName="hls_macc" moduleName="hls_macc" rtlName="add_ln40_1_fu_238_p2" latency="0" BRAM="-1" DSP="-1" FF="0" LUT="32" fileDirectory="C:\Users\vivek\Music\Motion"><\/item>
<item  id="58" filename="motion_return.c" linenumber="40" name="add_ln40" contextFuncName="hls_macc" moduleName="hls_macc" rtlName="add_ln40_fu_243_p2" latency="0" BRAM="-1" DSP="-1" FF="0" LUT="32" fileDirectory="C:\Users\vivek\Music\Motion"><\/item>
<item  id="60" filename="motion_return.c" linenumber="42" name="add_ln42" contextFuncName="hls_macc" moduleName="hls_macc" rtlName="add_ln42_fu_190_p2" latency="0" BRAM="-1" DSP="-1" FF="0" LUT="39" fileDirectory="C:\Users\vivek\Music\Motion"><\/item>
<item  id="61" filename="motion_return.c" linenumber="42" name="add13" contextFuncName="hls_macc" moduleName="hls_macc" rtlName="add13_fu_215_p2" latency="0" BRAM="-1" DSP="3" FF="0" LUT="20" fileDirectory="C:\Users\vivek\Music\Motion"><\/item>
<item  id="62" filename="motion_return.c" linenumber="4" name="tmp6" contextFuncName="hls_macc" moduleName="hls_macc" rtlName="tmp6_fu_154_p2" latency="0" BRAM="-1" DSP="-1" FF="0" LUT="39" fileDirectory="C:\Users\vivek\Music\Motion"><\/item>
<item  id="63" filename="motion_return.c" linenumber="4" name="tmp7" contextFuncName="hls_macc" moduleName="hls_macc" rtlName="tmp7_fu_195_p2" latency="0" BRAM="-1" DSP="3" FF="0" LUT="20" fileDirectory="C:\Users\vivek\Music\Motion"><\/item>
<item  id="64" filename="motion_return.c" linenumber="46" name="add14" contextFuncName="hls_macc" moduleName="hls_macc" rtlName="add14_fu_219_p2" latency="0" BRAM="-1" DSP="-1" FF="0" LUT="39" fileDirectory="C:\Users\vivek\Music\Motion"><\/item>
<item  id="65" filename="motion_return.c" linenumber="48" name="trunc_ln" contextFuncName="hls_macc" moduleName="hls_macc" rtlName="trunc_ln_reg_417" latency="0" BRAM="-1" DSP="-1" FF="-1" LUT="-1" fileDirectory="C:\Users\vivek\Music\Motion"><\/item>
<item  id="66" filename="motion_return.c" linenumber="48" name="shf2" contextFuncName="hls_macc" moduleName="hls_macc" rtlName="shf2_fu_249_p1" latency="0" BRAM="-1" DSP="-1" FF="-1" LUT="-1" fileDirectory="C:\Users\vivek\Music\Motion"><\/item>
<item  id="67" filename="motion_return.c" linenumber="49" name="add_ln49_1" contextFuncName="hls_macc" moduleName="hls_macc" rtlName="add_ln49_1_fu_252_p2" latency="0" BRAM="-1" DSP="-1" FF="0" LUT="32" fileDirectory="C:\Users\vivek\Music\Motion"><\/item>
<item  id="68" filename="motion_return.c" linenumber="49" name="add_ln49" contextFuncName="hls_macc" moduleName="hls_macc" rtlName="add_ln49_fu_257_p2" latency="0" BRAM="-1" DSP="-1" FF="0" LUT="32" fileDirectory="C:\Users\vivek\Music\Motion"><\/item>
<item  id="70" filename="motion_return.c" linenumber="51" name="add_ln51" contextFuncName="hls_macc" moduleName="hls_macc" rtlName="add_ln51_fu_263_p2" latency="0" BRAM="-1" DSP="-1" FF="0" LUT="32" fileDirectory="C:\Users\vivek\Music\Motion"><\/item>
<item  id="71" filename="motion_return.c" linenumber="51" name="add_ln51_1" contextFuncName="hls_macc" moduleName="hls_macc" rtlName="ap_return" latency="0" BRAM="-1" DSP="-1" FF="0" LUT="32" fileDirectory="C:\Users\vivek\Music\Motion"><\/item>
<\/annotationInfo>
</annotationInfo>
