<profile>

<section name = "Vivado HLS Report for 'hls_macc'" level="0">
<item name = "Date">Fri Feb 19 19:11:29 2021
</item>
<item name = "Version">2019.2 (Build 2704478 on Wed Nov 06 22:10:23 MST 2019)</item>
<item name = "Project">hls_macc</item>
<item name = "Solution">solution1</item>
<item name = "Product family">zynq</item>
<item name = "Target device">xc7z020-clg484-1</item>
</section>

<section name = "Performance Estimates" level="0">
<item name = "Timing">
<section name = "" level="1">
<item name = "Summary"><table name="" hasTotal="0">
<keys size="4">Clock, Target, Estimated, Uncertainty</keys>
<column name="ap_clk">10.00 ns, 8.742 ns, 1.25 ns</column>
</table>
</item>
</section>
</item>
<item name = "Latency">
<section name = "" level="1">
<item name = "Summary"><table name="" hasTotal="0">
<keys size="8">, min, max, min, max, min, max, Type</keys>
<column name="">4, 4, 40.000 ns, 40.000 ns, 4, 4, none</column>
</table>
</item>
<item name = "Detail">
<section name = "" level="1">
<item name = "Instance"><table name="" hasTotal="0">
<keys size="9">Instance, Module, min, max, min, max, min, max, Type</keys>
</table>
</item>
<item name = "Loop"><table name="" hasTotal="0">
<keys size="8">Loop Name, min, max, Latency, achieved, target, Count, Pipelined</keys>
</table>
</item>
</section>
</item>
</section>
</item>
</section>

<section name = "Utilization Estimates" level="0">
<item name = "Summary"><table name="" hasTotal="1">
<keys size="6">Name, BRAM_18K, DSP48E, FF, LUT, URAM</keys>
<column name="DSP">-, -, -, -, -</column>
<column name="Expression">-, 42, 0, 745, -</column>
<column name="FIFO">-, -, -, -, -</column>
<column name="Instance">-, -, -, -, -</column>
<column name="Memory">-, -, -, -, -</column>
<column name="Multiplexer">-, -, -, 33, -</column>
<column name="Register">-, -, 674, -, -</column>
<specialColumn name="Available">280, 220, 106400, 53200, 0</specialColumn>
<specialColumn name="Utilization (%)">0, 19, ~0, 1, 0</specialColumn>
</table>
</item>
<item name = "Detail">
<section name = "" level="1">
<item name = "Instance"><table name="" hasTotal="1">
<keys size="7">Instance, Module, BRAM_18K, DSP48E, FF, LUT, URAM</keys>
</table>
</item>
<item name = "DSP48E"><table name="" hasTotal="0">
<keys size="3">Instance, Module, Expression</keys>
</table>
</item>
<item name = "Memory"><table name="" hasTotal="1">
<keys size="10">Memory, Module, BRAM_18K, FF, LUT, URAM, Words, Bits, Banks, W*Bits*Banks</keys>
</table>
</item>
<item name = "FIFO"><table name="" hasTotal="1">
<keys size="8">Name, BRAM_18K, FF, LUT, URAM, Depth, Bits, Size:D*B</keys>
</table>
</item>
<item name = "Expression"><table name="" hasTotal="1">
<keys size="7">Variable Name, Operation, DSP48E, FF, LUT, Bitwidth P0, Bitwidth P1</keys>
<column name="add13_fu_215_p2">*, 3, 0, 20, 32, 32</column>
<column name="add2_fu_199_p2">*, 3, 0, 20, 32, 32</column>
<column name="add3_fu_125_p2">*, 3, 0, 20, 32, 32</column>
<column name="add5_fu_131_p2">*, 3, 0, 20, 32, 32</column>
<column name="add6_fu_203_p2">*, 3, 0, 20, 32, 32</column>
<column name="mul_ln24_fu_172_p2">*, 3, 0, 20, 32, 32</column>
<column name="mult10_fu_143_p2">*, 3, 0, 20, 32, 32</column>
<column name="mult11_fu_162_p2">*, 3, 0, 20, 32, 32</column>
<column name="mult13_fu_167_p2">*, 3, 0, 20, 32, 32</column>
<column name="mult2_fu_137_p2">*, 3, 0, 20, 32, 32</column>
<column name="mult7_fu_158_p2">*, 3, 0, 20, 32, 32</column>
<column name="tmp3_fu_181_p2">*, 3, 0, 20, 32, 32</column>
<column name="tmp5_fu_211_p2">*, 3, 0, 20, 32, 32</column>
<column name="tmp7_fu_195_p2">*, 3, 0, 20, 32, 32</column>
<column name="add14_fu_219_p2">+, 0, 0, 39, 32, 32</column>
<column name="add9_fu_207_p2">+, 0, 0, 39, 32, 32</column>
<column name="add_ln30_fu_177_p2">+, 0, 0, 39, 32, 32</column>
<column name="add_ln40_1_fu_238_p2">+, 0, 0, 32, 32, 32</column>
<column name="add_ln40_fu_243_p2">+, 0, 0, 32, 32, 32</column>
<column name="add_ln42_fu_190_p2">+, 0, 0, 39, 32, 32</column>
<column name="add_ln49_1_fu_252_p2">+, 0, 0, 32, 32, 32</column>
<column name="add_ln49_fu_257_p2">+, 0, 0, 32, 32, 32</column>
<column name="add_ln51_fu_263_p2">+, 0, 0, 32, 32, 32</column>
<column name="ap_return">+, 0, 0, 32, 32, 32</column>
<column name="tmp4_fu_186_p2">+, 0, 0, 39, 32, 32</column>
<column name="tmp6_fu_154_p2">+, 0, 0, 39, 32, 32</column>
<column name="tmp_fu_149_p2">+, 0, 0, 39, 32, 32</column>
</table>
</item>
<item name = "Multiplexer"><table name="" hasTotal="1">
<keys size="5">Name, LUT, Input Size, Bits, Total Bits</keys>
<column name="ap_NS_fsm">33, 6, 1, 6</column>
</table>
</item>
<item name = "Register"><table name="" hasTotal="1">
<keys size="5">Name, FF, LUT, Bits, Const Bits</keys>
<column name="add13_reg_412">32, 0, 32, 0</column>
<column name="add2_reg_391">32, 0, 32, 0</column>
<column name="add3_reg_288">32, 0, 32, 0</column>
<column name="add5_reg_293">32, 0, 32, 0</column>
<column name="add6_reg_396">32, 0, 32, 0</column>
<column name="add9_reg_402">32, 0, 32, 0</column>
<column name="add_ln30_reg_366">32, 0, 32, 0</column>
<column name="add_ln42_reg_381">32, 0, 32, 0</column>
<column name="ap_CS_fsm">5, 0, 5, 0</column>
<column name="mul_ln24_reg_361">32, 0, 32, 0</column>
<column name="mult10_reg_331">32, 0, 32, 0</column>
<column name="mult11_reg_351">32, 0, 32, 0</column>
<column name="mult13_reg_356">32, 0, 32, 0</column>
<column name="mult2_reg_326">32, 0, 32, 0</column>
<column name="mult7_reg_346">32, 0, 32, 0</column>
<column name="tmp3_reg_371">32, 0, 32, 0</column>
<column name="tmp4_reg_376">32, 0, 32, 0</column>
<column name="tmp5_reg_407">32, 0, 32, 0</column>
<column name="tmp6_reg_341">32, 0, 32, 0</column>
<column name="tmp7_reg_386">32, 0, 32, 0</column>
<column name="tmp_reg_336">32, 0, 32, 0</column>
<column name="trunc_ln_reg_417">29, 0, 29, 0</column>
</table>
</item>
</section>
</item>
</section>

<section name = "Interface" level="0">
<item name = "Summary"><table name="" hasTotal="0">
<keys size="6">RTL Ports, Dir, Bits, Protocol, Source Object, C Type</keys>
<column name="ap_clk">in, 1, ap_ctrl_hs, hls_macc, return value</column>
<column name="ap_rst">in, 1, ap_ctrl_hs, hls_macc, return value</column>
<column name="ap_start">in, 1, ap_ctrl_hs, hls_macc, return value</column>
<column name="ap_done">out, 1, ap_ctrl_hs, hls_macc, return value</column>
<column name="ap_idle">out, 1, ap_ctrl_hs, hls_macc, return value</column>
<column name="ap_ready">out, 1, ap_ctrl_hs, hls_macc, return value</column>
<column name="ap_return">out, 32, ap_ctrl_hs, hls_macc, return value</column>
<column name="in1">in, 32, ap_none, in1, scalar</column>
<column name="in2">in, 32, ap_none, in2, scalar</column>
<column name="in3">in, 32, ap_none, in3, scalar</column>
<column name="in4">in, 32, ap_none, in4, scalar</column>
<column name="in5">in, 32, ap_none, in5, scalar</column>
<column name="in6">in, 32, ap_none, in6, scalar</column>
<column name="in7">in, 32, ap_none, in7, scalar</column>
<column name="in8">in, 32, ap_none, in8, scalar</column>
<column name="in9">in, 32, ap_none, in9, scalar</column>
<column name="in10">in, 32, ap_none, in10, scalar</column>
<column name="out1">out, 32, ap_vld, out1, pointer</column>
<column name="out1_ap_vld">out, 1, ap_vld, out1, pointer</column>
<column name="out2">out, 32, ap_vld, out2, pointer</column>
<column name="out2_ap_vld">out, 1, ap_vld, out2, pointer</column>
<column name="out3">out, 32, ap_vld, out3, pointer</column>
<column name="out3_ap_vld">out, 1, ap_vld, out3, pointer</column>
</table>
</item>
</section>
</profile>
