{
  "Top": "hls_macc",
  "RtlTop": "hls_macc",
  "RtlPrefix": "",
  "SourceLanguage": "c",
  "ResetStyle": "control",
  "GenerateBdFiles": "0",
  "HostMachineBits": "64",
  "Target": {
    "Family": "zynq",
    "Device": "xc7z020",
    "Package": "-clg484",
    "Speed": "-1"
  },
  "HlsSolution": {
    
  },
  "Args": {
    "in1": {
      "index": "0",
      "type": {
        "dataType": "int",
        "dataWidth": "32",
        "interfaceRef": "in1"
      }
    },
    "in2": {
      "index": "1",
      "type": {
        "dataType": "int",
        "dataWidth": "32",
        "interfaceRef": "in2"
      }
    },
    "in3": {
      "index": "2",
      "type": {
        "dataType": "int",
        "dataWidth": "32",
        "interfaceRef": "in3"
      }
    },
    "in4": {
      "index": "3",
      "type": {
        "dataType": "int",
        "dataWidth": "32",
        "interfaceRef": "in4"
      }
    },
    "in5": {
      "index": "4",
      "type": {
        "dataType": "int",
        "dataWidth": "32",
        "interfaceRef": "in5"
      }
    },
    "in6": {
      "index": "5",
      "type": {
        "dataType": "int",
        "dataWidth": "32",
        "interfaceRef": "in6"
      }
    },
    "in7": {
      "index": "6",
      "type": {
        "dataType": "int",
        "dataWidth": "32",
        "interfaceRef": "in7"
      }
    },
    "in8": {
      "index": "7",
      "type": {
        "dataType": "int",
        "dataWidth": "32",
        "interfaceRef": "in8"
      }
    },
    "in9": {
      "index": "8",
      "type": {
        "dataType": "int",
        "dataWidth": "32",
        "interfaceRef": "in9"
      }
    },
    "in10": {
      "index": "9",
      "type": {
        "dataType": "int",
        "dataWidth": "32",
        "interfaceRef": "in10"
      }
    },
    "out1": {
      "index": "10",
      "type": {
        "kinds": ["pointer"],
        "dataType": "int",
        "dataWidth": "32",
        "interfaceRef": "out1"
      }
    },
    "out2": {
      "index": "11",
      "type": {
        "kinds": ["pointer"],
        "dataType": "int",
        "dataWidth": "32",
        "interfaceRef": "out2"
      }
    },
    "out3": {
      "index": "12",
      "type": {
        "kinds": ["pointer"],
        "dataType": "int",
        "dataWidth": "32",
        "interfaceRef": "out3"
      }
    }
  },
  "Return": {
    "dataType": "int",
    "dataWidth": "32",
    "interfaceRef": "ap_return"
  },
  "ClockInfo": {
    "ClockName": "ap_clk",
    "ClockPeriod": "10",
    "IsCombLogic": "0",
    "II": "x",
    "Latency": "4",
    "Uncertainty": "1.25"
  },
  "Xdc": {"OocClocks": ["create_clock -name ap_clk -period 10.000 [get_ports ap_clk]"]},
  "Ipx": {
    "Vendor": "xilinx.com",
    "Library": "hls",
    "Name": "hls_macc",
    "Version": "1.0",
    "DisplayName": "Hls_macc",
    "Revision": "",
    "Description": "An IP generated by Vivado HLS",
    "Taxonomy": "\/VIVADO_HLS_IP",
    "AutoFamilySupport": ""
  },
  "Files": {
    "CSource": ["..\/..\/motion_return.c"],
    "Vhdl": ["impl\/vhdl\/hls_macc.vhd"],
    "Verilog": ["impl\/verilog\/hls_macc.v"],
    "Misc": ["impl\/misc\/logo.png"],
    "DesignXml": "C:\/Users\/vivek\/Music\/Motion\/hls_macc\/solution1\/.autopilot\/db\/hls_macc.design.xml",
    "DebugDir": "C:\/Users\/vivek\/Music\/Motion\/hls_macc\/solution1\/.debug",
    "ProtoInst": ["C:\/Users\/vivek\/Music\/Motion\/hls_macc\/solution1\/.debug\/hls_macc.protoinst"]
  },
  "SubcoreInfo": {
    "HasXpmMemory": false,
    "HasClockedDsp": false,
    "IP": []
  },
  "Interfaces": {
    "ap_clk": {
      "type": "clock",
      "ctype": {"CLK": {"Type": "bool"}},
      "bundle_name": "ap_clk",
      "bundle_role": "default",
      "reset": "ap_rst"
    },
    "ap_ctrl": {
      "type": "ap_ctrl",
      "ctrl_ports": "ap_start ap_done ap_idle ap_ready",
      "ctype": {
        "start": {"Type": "bool"},
        "done": {"Type": "bool"},
        "idle": {"Type": "bool"},
        "ready": {"Type": "bool"}
      }
    },
    "ap_return": {
      "type": "data",
      "dir": "out",
      "width": "32",
      "ctype": {"DATA": {
          "Type": "integer signed",
          "Width": "32"
        }},
      "bundle_name": "ap_return",
      "bundle_role": "default"
    },
    "ap_rst": {
      "type": "reset",
      "polarity": "ACTIVE_HIGH",
      "ctype": {"RST": {"Type": "bool"}},
      "bundle_name": "ap_rst",
      "bundle_role": "default"
    },
    "in1": {
      "type": "data",
      "dir": "in",
      "width": "32",
      "ctype": {"DATA": {
          "Type": "integer signed",
          "Width": "32"
        }},
      "bundle_name": "in1",
      "bundle_role": "default"
    },
    "in2": {
      "type": "data",
      "dir": "in",
      "width": "32",
      "ctype": {"DATA": {
          "Type": "integer signed",
          "Width": "32"
        }},
      "bundle_name": "in2",
      "bundle_role": "default"
    },
    "in3": {
      "type": "data",
      "dir": "in",
      "width": "32",
      "ctype": {"DATA": {
          "Type": "integer signed",
          "Width": "32"
        }},
      "bundle_name": "in3",
      "bundle_role": "default"
    },
    "in4": {
      "type": "data",
      "dir": "in",
      "width": "32",
      "ctype": {"DATA": {
          "Type": "integer signed",
          "Width": "32"
        }},
      "bundle_name": "in4",
      "bundle_role": "default"
    },
    "in5": {
      "type": "data",
      "dir": "in",
      "width": "32",
      "ctype": {"DATA": {
          "Type": "integer signed",
          "Width": "32"
        }},
      "bundle_name": "in5",
      "bundle_role": "default"
    },
    "in6": {
      "type": "data",
      "dir": "in",
      "width": "32",
      "ctype": {"DATA": {
          "Type": "integer signed",
          "Width": "32"
        }},
      "bundle_name": "in6",
      "bundle_role": "default"
    },
    "in7": {
      "type": "data",
      "dir": "in",
      "width": "32",
      "ctype": {"DATA": {
          "Type": "integer signed",
          "Width": "32"
        }},
      "bundle_name": "in7",
      "bundle_role": "default"
    },
    "in8": {
      "type": "data",
      "dir": "in",
      "width": "32",
      "ctype": {"DATA": {
          "Type": "integer signed",
          "Width": "32"
        }},
      "bundle_name": "in8",
      "bundle_role": "default"
    },
    "in9": {
      "type": "data",
      "dir": "in",
      "width": "32",
      "ctype": {"DATA": {
          "Type": "integer signed",
          "Width": "32"
        }},
      "bundle_name": "in9",
      "bundle_role": "default"
    },
    "in10": {
      "type": "data",
      "dir": "in",
      "width": "32",
      "ctype": {"DATA": {
          "Type": "integer signed",
          "Width": "32"
        }},
      "bundle_name": "in10",
      "bundle_role": "default"
    },
    "out1": {
      "type": "data",
      "dir": "out",
      "width": "32",
      "ctype": {"DATA": {
          "Type": "integer signed",
          "Width": "32"
        }},
      "bundle_name": "out1",
      "bundle_role": "default"
    },
    "out2": {
      "type": "data",
      "dir": "out",
      "width": "32",
      "ctype": {"DATA": {
          "Type": "integer signed",
          "Width": "32"
        }},
      "bundle_name": "out2",
      "bundle_role": "default"
    },
    "out3": {
      "type": "data",
      "dir": "out",
      "width": "32",
      "ctype": {"DATA": {
          "Type": "integer signed",
          "Width": "32"
        }},
      "bundle_name": "out3",
      "bundle_role": "default"
    }
  },
  "RtlPorts": {
    "ap_clk": {
      "dir": "in",
      "width": "1"
    },
    "ap_rst": {
      "dir": "in",
      "width": "1"
    },
    "ap_start": {
      "dir": "in",
      "width": "1"
    },
    "ap_done": {
      "dir": "out",
      "width": "1"
    },
    "ap_idle": {
      "dir": "out",
      "width": "1"
    },
    "ap_ready": {
      "dir": "out",
      "width": "1"
    },
    "ap_return": {
      "dir": "out",
      "width": "32"
    },
    "in1": {
      "dir": "in",
      "width": "32"
    },
    "in2": {
      "dir": "in",
      "width": "32"
    },
    "in3": {
      "dir": "in",
      "width": "32"
    },
    "in4": {
      "dir": "in",
      "width": "32"
    },
    "in5": {
      "dir": "in",
      "width": "32"
    },
    "in6": {
      "dir": "in",
      "width": "32"
    },
    "in7": {
      "dir": "in",
      "width": "32"
    },
    "in8": {
      "dir": "in",
      "width": "32"
    },
    "in9": {
      "dir": "in",
      "width": "32"
    },
    "in10": {
      "dir": "in",
      "width": "32"
    },
    "out1": {
      "dir": "out",
      "width": "32"
    },
    "out1_ap_vld": {
      "dir": "out",
      "width": "1"
    },
    "out2": {
      "dir": "out",
      "width": "32"
    },
    "out2_ap_vld": {
      "dir": "out",
      "width": "1"
    },
    "out3": {
      "dir": "out",
      "width": "32"
    },
    "out3_ap_vld": {
      "dir": "out",
      "width": "1"
    }
  },
  "ModuleInfo": {
    "Hierarchy": {"ModuleName": "hls_macc"},
    "Info": {"hls_macc": {
        "FunctionProtocol": "ap_ctrl_hs",
        "isTaskLevelControl": "1",
        "isPipelined": "0",
        "isCombinational": "0",
        "isOneStateSeq": "0"
      }},
    "Metrics": {"hls_macc": {
        "Latency": {
          "LatencyBest": "4",
          "LatencyAvg": "4",
          "LatencyWorst": "4",
          "PipelineII": "5",
          "PipelineDepth": "",
          "PipelineType": "none"
        },
        "Timing": {
          "Target": "10.00",
          "Uncertainty": "1.25",
          "Estimate": "8.742"
        },
        "Area": {
          "DSP48E": "42",
          "FF": "674",
          "LUT": "778",
          "BRAM_18K": "0",
          "URAM": "0"
        }
      }}
  },
  "Sdx": {
    "Target": "none",
    "ProfileOption": "0",
    "ProfileType": "none",
    "XO": "",
    "KernelName": "hls_macc",
    "EnableXoSwEmu": "1"
  },
  "GenData": {
    "DataVersion": "0.2",
    "Time": "2021-02-19 19:11:32 +0530",
    "ToolName": "vivado_hls",
    "ToolVersion": "2019.2"
  }
}
