<stg><name>parker</name>


<trans_list>

<trans id="41" from="1" to="2">
<condition id="-1">
<or_exp><and_exp></and_exp></or_exp>
</condition>
</trans>
</trans_list>



<state_list>

<state id="1" st_id="1">

<operation id="3" st_id="1" stage="1" lat="1">
<core>NULL</core>
<MemPortIdVec></MemPortIdVec>
<condition id="-1">
<or_exp><and_exp></and_exp></or_exp>
</condition>

<Node id="16" bw="32" op_0_bw="32" op_1_bw="32">
<![CDATA[
_ifconv:9  %in5_read = call i32 @_ssdm_op_Read.ap_auto.i32(i32 %in5) nounwind

]]></Node>
<StgValue><ssdm name="in5_read"/></StgValue>
</operation>

<operation id="4" st_id="1" stage="1" lat="1">
<core>NULL</core>
<MemPortIdVec></MemPortIdVec>
<condition id="-1">
<or_exp><and_exp></and_exp></or_exp>
</condition>

<Node id="17" bw="32" op_0_bw="32" op_1_bw="32">
<![CDATA[
_ifconv:10  %in4_read = call i32 @_ssdm_op_Read.ap_auto.i32(i32 %in4) nounwind

]]></Node>
<StgValue><ssdm name="in4_read"/></StgValue>
</operation>

<operation id="5" st_id="1" stage="1" lat="1">
<core>NULL</core>
<MemPortIdVec></MemPortIdVec>
<condition id="-1">
<or_exp><and_exp></and_exp></or_exp>
</condition>

<Node id="18" bw="32" op_0_bw="32" op_1_bw="32">
<![CDATA[
_ifconv:11  %in3_read = call i32 @_ssdm_op_Read.ap_auto.i32(i32 %in3) nounwind

]]></Node>
<StgValue><ssdm name="in3_read"/></StgValue>
</operation>

<operation id="6" st_id="1" stage="1" lat="1">
<core>NULL</core>
<MemPortIdVec></MemPortIdVec>
<condition id="-1">
<or_exp><and_exp></and_exp></or_exp>
</condition>

<Node id="19" bw="32" op_0_bw="32" op_1_bw="32">
<![CDATA[
_ifconv:12  %in2_read = call i32 @_ssdm_op_Read.ap_auto.i32(i32 %in2) nounwind

]]></Node>
<StgValue><ssdm name="in2_read"/></StgValue>
</operation>

<operation id="7" st_id="1" stage="1" lat="1">
<core>NULL</core>
<MemPortIdVec></MemPortIdVec>
<condition id="-1">
<or_exp><and_exp></and_exp></or_exp>
</condition>

<Node id="20" bw="32" op_0_bw="32" op_1_bw="32">
<![CDATA[
_ifconv:13  %in1_read = call i32 @_ssdm_op_Read.ap_auto.i32(i32 %in1) nounwind

]]></Node>
<StgValue><ssdm name="in1_read"/></StgValue>
</operation>

<operation id="8" st_id="1" stage="1" lat="1">
<core>AddSub</core>
<MemPortIdVec></MemPortIdVec>
<condition id="-1">
<or_exp><and_exp></and_exp></or_exp>
</condition>

<Node id="26" bw="32" op_0_bw="32" op_1_bw="32">
<![CDATA[
_ifconv:19  %sub_ln21 = sub i32 0, %in3_read

]]></Node>
<StgValue><ssdm name="sub_ln21"/></StgValue>
</operation>

<operation id="9" st_id="1" stage="1" lat="1">
<core>Cmp</core>
<MemPortIdVec></MemPortIdVec>
<condition id="-1">
<or_exp><and_exp></and_exp></or_exp>
</condition>

<Node id="27" bw="1" op_0_bw="32" op_1_bw="32">
<![CDATA[
_ifconv:20  %icmp_ln21 = icmp eq i32 %in2_read, %sub_ln21

]]></Node>
<StgValue><ssdm name="icmp_ln21"/></StgValue>
</operation>

<operation id="10" st_id="1" stage="1" lat="1">
<core>Cmp</core>
<MemPortIdVec></MemPortIdVec>
<condition id="-1">
<or_exp><and_exp></and_exp></or_exp>
</condition>

<Node id="28" bw="1" op_0_bw="32" op_1_bw="32">
<![CDATA[
_ifconv:21  %icmp_ln31 = icmp eq i32 %in4_read, 0

]]></Node>
<StgValue><ssdm name="icmp_ln31"/></StgValue>
</operation>

<operation id="11" st_id="1" stage="1" lat="1">
<core>AddSub</core>
<MemPortIdVec></MemPortIdVec>
<condition id="-1">
<or_exp><and_exp></and_exp></or_exp>
</condition>

<Node id="29" bw="32" op_0_bw="32" op_1_bw="32">
<![CDATA[
_ifconv:22  %t6_3 = add nsw i32 %in2_read, %in1_read

]]></Node>
<StgValue><ssdm name="t6_3"/></StgValue>
</operation>

<operation id="12" st_id="1" stage="1" lat="1">
<core>AddSub</core>
<MemPortIdVec></MemPortIdVec>
<condition id="-1">
<or_exp><and_exp></and_exp></or_exp>
</condition>

<Node id="30" bw="32" op_0_bw="32" op_1_bw="32">
<![CDATA[
_ifconv:23  %t6_4 = sub i32 0, %in2_read

]]></Node>
<StgValue><ssdm name="t6_4"/></StgValue>
</operation>

<operation id="13" st_id="1" stage="1" lat="1">
<core>Sel</core>
<MemPortIdVec></MemPortIdVec>
<condition id="-1">
<or_exp><and_exp></and_exp></or_exp>
</condition>

<Node id="31" bw="32" op_0_bw="1" op_1_bw="32" op_2_bw="32">
<![CDATA[
_ifconv:24  %t6_5 = select i1 %icmp_ln31, i32 %t6_4, i32 %t6_3

]]></Node>
<StgValue><ssdm name="t6_5"/></StgValue>
</operation>

<operation id="14" st_id="1" stage="1" lat="1">
<core>AddSub</core>
<MemPortIdVec></MemPortIdVec>
<condition id="-1">
<or_exp><and_exp></and_exp></or_exp>
</condition>

<Node id="32" bw="32" op_0_bw="32" op_1_bw="32">
<![CDATA[
_ifconv:25  %t4 = sub nsw i32 %t6_5, %in4_read

]]></Node>
<StgValue><ssdm name="t4"/></StgValue>
</operation>

<operation id="15" st_id="1" stage="1" lat="1">
<core>Cmp</core>
<MemPortIdVec></MemPortIdVec>
<condition id="-1">
<or_exp><and_exp></and_exp></or_exp>
</condition>

<Node id="33" bw="1" op_0_bw="32" op_1_bw="32">
<![CDATA[
_ifconv:26  %icmp_ln24 = icmp eq i32 %in1_read, 4

]]></Node>
<StgValue><ssdm name="icmp_ln24"/></StgValue>
</operation>

<operation id="16" st_id="1" stage="1" lat="1">
<core>AddSub</core>
<MemPortIdVec></MemPortIdVec>
<condition id="-1">
<or_exp><and_exp></and_exp></or_exp>
</condition>

<Node id="34" bw="32" op_0_bw="32" op_1_bw="32">
<![CDATA[
_ifconv:27  %t4_1 = add nsw i32 %in2_read, 4

]]></Node>
<StgValue><ssdm name="t4_1"/></StgValue>
</operation>

<operation id="17" st_id="1" stage="1" lat="1">
<core>AddSub</core>
<MemPortIdVec></MemPortIdVec>
<condition id="-1">
<or_exp><and_exp></and_exp></or_exp>
</condition>

<Node id="35" bw="32" op_0_bw="32" op_1_bw="32">
<![CDATA[
_ifconv:28  %t4_2 = sub nsw i32 %in3_read, %in5_read

]]></Node>
<StgValue><ssdm name="t4_2"/></StgValue>
</operation>

<operation id="18" st_id="1" stage="1" lat="1">
<core>Sel</core>
<MemPortIdVec></MemPortIdVec>
<condition id="-1">
<or_exp><and_exp></and_exp></or_exp>
</condition>

<Node id="36" bw="32" op_0_bw="1" op_1_bw="32" op_2_bw="32">
<![CDATA[
_ifconv:29  %t4_3 = select i1 %icmp_ln24, i32 %t4_2, i32 %t4_1

]]></Node>
<StgValue><ssdm name="t4_3"/></StgValue>
</operation>

<operation id="19" st_id="1" stage="1" lat="1">
<core>Sel</core>
<MemPortIdVec></MemPortIdVec>
<condition id="-1">
<or_exp><and_exp></and_exp></or_exp>
</condition>

<Node id="37" bw="32" op_0_bw="1" op_1_bw="32" op_2_bw="32">
<![CDATA[
_ifconv:30  %t4_4 = select i1 %icmp_ln21, i32 %t4, i32 %t4_3

]]></Node>
<StgValue><ssdm name="t4_4"/></StgValue>
</operation>

<operation id="20" st_id="1" stage="1" lat="1">
<core>AddSub</core>
<MemPortIdVec></MemPortIdVec>
<condition id="-1">
<or_exp><and_exp></and_exp></or_exp>
</condition>

<Node id="38" bw="32" op_0_bw="32" op_1_bw="32">
<![CDATA[
_ifconv:31  %t6_6 = add nsw i32 %t4_4, %in4_read

]]></Node>
<StgValue><ssdm name="t6_6"/></StgValue>
</operation>
</state>

<state id="2" st_id="2">

<operation id="21" st_id="2" stage="1" lat="1">
<core>NULL</core>
<MemPortIdVec></MemPortIdVec>
<condition id="-1">
<or_exp><and_exp></and_exp></or_exp>
</condition>

<Node id="7" bw="0" op_0_bw="0" op_1_bw="32">
<![CDATA[
_ifconv:0  call void (...)* @_ssdm_op_SpecBitsMap(i32 %in1) nounwind, !map !25

]]></Node>
<StgValue><ssdm name="specbitsmap_ln0"/></StgValue>
</operation>

<operation id="22" st_id="2" stage="1" lat="1">
<core>NULL</core>
<MemPortIdVec></MemPortIdVec>
<condition id="-1">
<or_exp><and_exp></and_exp></or_exp>
</condition>

<Node id="8" bw="0" op_0_bw="0" op_1_bw="32">
<![CDATA[
_ifconv:1  call void (...)* @_ssdm_op_SpecBitsMap(i32 %in2) nounwind, !map !31

]]></Node>
<StgValue><ssdm name="specbitsmap_ln0"/></StgValue>
</operation>

<operation id="23" st_id="2" stage="1" lat="1">
<core>NULL</core>
<MemPortIdVec></MemPortIdVec>
<condition id="-1">
<or_exp><and_exp></and_exp></or_exp>
</condition>

<Node id="9" bw="0" op_0_bw="0" op_1_bw="32">
<![CDATA[
_ifconv:2  call void (...)* @_ssdm_op_SpecBitsMap(i32 %in3) nounwind, !map !35

]]></Node>
<StgValue><ssdm name="specbitsmap_ln0"/></StgValue>
</operation>

<operation id="24" st_id="2" stage="1" lat="1">
<core>NULL</core>
<MemPortIdVec></MemPortIdVec>
<condition id="-1">
<or_exp><and_exp></and_exp></or_exp>
</condition>

<Node id="10" bw="0" op_0_bw="0" op_1_bw="32">
<![CDATA[
_ifconv:3  call void (...)* @_ssdm_op_SpecBitsMap(i32 %in4) nounwind, !map !39

]]></Node>
<StgValue><ssdm name="specbitsmap_ln0"/></StgValue>
</operation>

<operation id="25" st_id="2" stage="1" lat="1">
<core>NULL</core>
<MemPortIdVec></MemPortIdVec>
<condition id="-1">
<or_exp><and_exp></and_exp></or_exp>
</condition>

<Node id="11" bw="0" op_0_bw="0" op_1_bw="32">
<![CDATA[
_ifconv:4  call void (...)* @_ssdm_op_SpecBitsMap(i32 %in5) nounwind, !map !43

]]></Node>
<StgValue><ssdm name="specbitsmap_ln0"/></StgValue>
</operation>

<operation id="26" st_id="2" stage="1" lat="1">
<core>NULL</core>
<MemPortIdVec></MemPortIdVec>
<condition id="-1">
<or_exp><and_exp></and_exp></or_exp>
</condition>

<Node id="12" bw="0" op_0_bw="0" op_1_bw="32">
<![CDATA[
_ifconv:5  call void (...)* @_ssdm_op_SpecBitsMap(i32 %in6) nounwind, !map !47

]]></Node>
<StgValue><ssdm name="specbitsmap_ln0"/></StgValue>
</operation>

<operation id="27" st_id="2" stage="1" lat="1">
<core>NULL</core>
<MemPortIdVec></MemPortIdVec>
<condition id="-1">
<or_exp><and_exp></and_exp></or_exp>
</condition>

<Node id="13" bw="0" op_0_bw="0" op_1_bw="32">
<![CDATA[
_ifconv:6  call void (...)* @_ssdm_op_SpecBitsMap(i32 0) nounwind, !map !51

]]></Node>
<StgValue><ssdm name="specbitsmap_ln0"/></StgValue>
</operation>

<operation id="28" st_id="2" stage="1" lat="1">
<core>NULL</core>
<MemPortIdVec></MemPortIdVec>
<condition id="-1">
<or_exp><and_exp></and_exp></or_exp>
</condition>

<Node id="14" bw="0" op_0_bw="0" op_1_bw="0">
<![CDATA[
_ifconv:7  call void (...)* @_ssdm_op_SpecTopModule([7 x i8]* @parker_str) nounwind

]]></Node>
<StgValue><ssdm name="spectopmodule_ln0"/></StgValue>
</operation>

<operation id="29" st_id="2" stage="1" lat="1">
<core>NULL</core>
<MemPortIdVec></MemPortIdVec>
<condition id="-1">
<or_exp><and_exp></and_exp></or_exp>
</condition>

<Node id="15" bw="32" op_0_bw="32" op_1_bw="32">
<![CDATA[
_ifconv:8  %in6_read = call i32 @_ssdm_op_Read.ap_auto.i32(i32 %in6) nounwind

]]></Node>
<StgValue><ssdm name="in6_read"/></StgValue>
</operation>

<operation id="30" st_id="2" stage="1" lat="1">
<core>Cmp</core>
<MemPortIdVec></MemPortIdVec>
<condition id="-1">
<or_exp><and_exp></and_exp></or_exp>
</condition>

<Node id="21" bw="1" op_0_bw="32" op_1_bw="32">
<![CDATA[
_ifconv:14  %icmp_ln19 = icmp eq i32 %in5_read, 0

]]></Node>
<StgValue><ssdm name="icmp_ln19"/></StgValue>
</operation>

<operation id="31" st_id="2" stage="1" lat="1">
<core>Cmp</core>
<MemPortIdVec></MemPortIdVec>
<condition id="-1">
<or_exp><and_exp></and_exp></or_exp>
</condition>

<Node id="22" bw="1" op_0_bw="32" op_1_bw="32">
<![CDATA[
_ifconv:15  %icmp_ln41 = icmp eq i32 %in6_read, 0

]]></Node>
<StgValue><ssdm name="icmp_ln41"/></StgValue>
</operation>

<operation id="32" st_id="2" stage="1" lat="1">
<core>AddSub</core>
<MemPortIdVec></MemPortIdVec>
<condition id="-1">
<or_exp><and_exp></and_exp></or_exp>
</condition>

<Node id="23" bw="32" op_0_bw="32" op_1_bw="32">
<![CDATA[
_ifconv:16  %t6 = add nsw i32 %in2_read, 5

]]></Node>
<StgValue><ssdm name="t6"/></StgValue>
</operation>

<operation id="33" st_id="2" stage="1" lat="1">
<core>AddSub</core>
<MemPortIdVec></MemPortIdVec>
<condition id="-1">
<or_exp><and_exp></and_exp></or_exp>
</condition>

<Node id="24" bw="32" op_0_bw="32" op_1_bw="32">
<![CDATA[
_ifconv:17  %t6_1 = sub nsw i32 8, %in4_read

]]></Node>
<StgValue><ssdm name="t6_1"/></StgValue>
</operation>

<operation id="34" st_id="2" stage="1" lat="1">
<core>Sel</core>
<MemPortIdVec></MemPortIdVec>
<condition id="-1">
<or_exp><and_exp></and_exp></or_exp>
</condition>

<Node id="25" bw="32" op_0_bw="1" op_1_bw="32" op_2_bw="32">
<![CDATA[
_ifconv:18  %t6_2 = select i1 %icmp_ln41, i32 %t6_1, i32 %t6

]]></Node>
<StgValue><ssdm name="t6_2"/></StgValue>
</operation>

<operation id="35" st_id="2" stage="1" lat="1">
<core>Sel</core>
<MemPortIdVec></MemPortIdVec>
<condition id="-1">
<or_exp><and_exp></and_exp></or_exp>
</condition>

<Node id="39" bw="32" op_0_bw="1" op_1_bw="32" op_2_bw="32">
<![CDATA[
_ifconv:32  %t6_7 = select i1 %icmp_ln19, i32 %t6_2, i32 %t6_6

]]></Node>
<StgValue><ssdm name="t6_7"/></StgValue>
</operation>

<operation id="36" st_id="2" stage="1" lat="1">
<core>Cmp</core>
<MemPortIdVec></MemPortIdVec>
<condition id="-1">
<or_exp><and_exp></and_exp></or_exp>
</condition>

<Node id="40" bw="1" op_0_bw="32" op_1_bw="32">
<![CDATA[
_ifconv:33  %icmp_ln46 = icmp eq i32 %t6_7, 0

]]></Node>
<StgValue><ssdm name="icmp_ln46"/></StgValue>
</operation>

<operation id="37" st_id="2" stage="1" lat="1">
<core>AddSub</core>
<MemPortIdVec></MemPortIdVec>
<condition id="-1">
<or_exp><and_exp></and_exp></or_exp>
</condition>

<Node id="41" bw="32" op_0_bw="32" op_1_bw="32">
<![CDATA[
_ifconv:34  %out1 = add nsw i32 %in1_read, -5

]]></Node>
<StgValue><ssdm name="out1"/></StgValue>
</operation>

<operation id="38" st_id="2" stage="1" lat="1">
<core>AddSub</core>
<MemPortIdVec></MemPortIdVec>
<condition id="-1">
<or_exp><and_exp></and_exp></or_exp>
</condition>

<Node id="42" bw="32" op_0_bw="32" op_1_bw="32">
<![CDATA[
_ifconv:35  %out1_1 = add nsw i32 %in5_read, 8

]]></Node>
<StgValue><ssdm name="out1_1"/></StgValue>
</operation>

<operation id="39" st_id="2" stage="1" lat="1">
<core>Sel</core>
<MemPortIdVec></MemPortIdVec>
<condition id="-1">
<or_exp><and_exp></and_exp></or_exp>
</condition>

<Node id="43" bw="32" op_0_bw="1" op_1_bw="32" op_2_bw="32">
<![CDATA[
_ifconv:36  %out1_2 = select i1 %icmp_ln46, i32 %out1_1, i32 %out1

]]></Node>
<StgValue><ssdm name="out1_2"/></StgValue>
</operation>

<operation id="40" st_id="2" stage="1" lat="1">
<core>NULL</core>
<MemPortIdVec></MemPortIdVec>
<condition id="-1">
<or_exp><and_exp></and_exp></or_exp>
</condition>

<Node id="44" bw="0" op_0_bw="32">
<![CDATA[
_ifconv:37  ret i32 %out1_2

]]></Node>
<StgValue><ssdm name="ret_ln50"/></StgValue>
</operation>
</state>
</state_list>


<ports>
</ports>


<dataflows>
</dataflows>


</stg>
