<stg><name>parker</name>


<trans_list>

<trans id="41" from="1" to="2">
<condition id="-1">
<or_exp><and_exp></and_exp></or_exp>
</condition>
</trans>
</trans_list>



<state_list>

<state id="1" st_id="1">

<operation id="3" st_id="1" stage="1" lat="1">
<core>NULL</core>
<MemPortIdVec></MemPortIdVec>
<condition id="-1">
<or_exp><and_exp></and_exp></or_exp>
</condition>

<Node id="16" bw="32" op_0_bw="32" op_1_bw="32">
<![CDATA[
_ifconv:9  %in5_read = call i32 @_ssdm_op_Read.ap_auto.i32(i32 %in5) nounwind

]]></Node>
<StgValue><ssdm name="in5_read"/></StgValue>
</operation>

<operation id="4" st_id="1" stage="1" lat="1">
<core>NULL</core>
<MemPortIdVec></MemPortIdVec>
<condition id="-1">
<or_exp><and_exp></and_exp></or_exp>
</condition>

<Node id="17" bw="32" op_0_bw="32" op_1_bw="32">
<![CDATA[
_ifconv:10  %in4_read = call i32 @_ssdm_op_Read.ap_auto.i32(i32 %in4) nounwind

]]></Node>
<StgValue><ssdm name="in4_read"/></StgValue>
</operation>

<operation id="5" st_id="1" stage="1" lat="1">
<core>NULL</core>
<MemPortIdVec></MemPortIdVec>
<condition id="-1">
<or_exp><and_exp></and_exp></or_exp>
</condition>

<Node id="18" bw="32" op_0_bw="32" op_1_bw="32">
<![CDATA[
_ifconv:11  %in3_read = call i32 @_ssdm_op_Read.ap_auto.i32(i32 %in3) nounwind

]]></Node>
<StgValue><ssdm name="in3_read"/></StgValue>
</operation>

<operation id="6" st_id="1" stage="1" lat="1">
<core>NULL</core>
<MemPortIdVec></MemPortIdVec>
<condition id="-1">
<or_exp><and_exp></and_exp></or_exp>
</condition>

<Node id="19" bw="32" op_0_bw="32" op_1_bw="32">
<![CDATA[
_ifconv:12  %in2_read = call i32 @_ssdm_op_Read.ap_auto.i32(i32 %in2) nounwind

]]></Node>
<StgValue><ssdm name="in2_read"/></StgValue>
</operation>

<operation id="7" st_id="1" stage="1" lat="1">
<core>NULL</core>
<MemPortIdVec></MemPortIdVec>
<condition id="-1">
<or_exp><and_exp></and_exp></or_exp>
</condition>

<Node id="20" bw="32" op_0_bw="32" op_1_bw="32">
<![CDATA[
_ifconv:13  %in1_read = call i32 @_ssdm_op_Read.ap_auto.i32(i32 %in1) nounwind

]]></Node>
<StgValue><ssdm name="in1_read"/></StgValue>
</operation>

<operation id="8" st_id="1" stage="1" lat="1">
<core>AddSub</core>
<MemPortIdVec></MemPortIdVec>
<condition id="-1">
<or_exp><and_exp></and_exp></or_exp>
</condition>

<Node id="26" bw="32" op_0_bw="32" op_1_bw="32">
<![CDATA[
_ifconv:19  %sub_ln21 = sub i32 0, %in3_read

]]></Node>
<StgValue><ssdm name="sub_ln21"/></StgValue>
</operation>

<operation id="9" st_id="1" stage="1" lat="1">
<core>Cmp</core>
<MemPortIdVec></MemPortIdVec>
<condition id="-1">
<or_exp><and_exp></and_exp></or_exp>
</condition>

<Node id="27" bw="1" op_0_bw="32" op_1_bw="32">
<![CDATA[
_ifconv:20  %icmp_ln21 = icmp eq i32 %in2_read, %sub_ln21

]]></Node>
<StgValue><ssdm name="icmp_ln21"/></StgValue>
</operation>

<operation id="10" st_id="1" stage="1" lat="1">
<core>Cmp</core>
<MemPortIdVec></MemPortIdVec>
<condition id="-1">
<or_exp><and_exp></and_exp></or_exp>
</condition>

<Node id="28" bw="1" op_0_bw="32" op_1_bw="32">
<![CDATA[
_ifconv:21  %icmp_ln31 = icmp eq i32 %in4_read, 0

]]></Node>
<StgValue><ssdm name="icmp_ln31"/></StgValue>
</operation>

<operation id="11" st_id="1" stage="1" lat="1">
<core>AddSub</core>
<MemPortIdVec></MemPortIdVec>
<condition id="-1">
<or_exp><and_exp></and_exp></or_exp>
</condition>

<Node id="29" bw="32" op_0_bw="32" op_1_bw="32">
<![CDATA[
_ifconv:22  %t6_3 = add nsw i32 %in2_read, %in1_read

]]></Node>
<StgValue><ssdm name="t6_3"/></StgValue>
</operation>

<operation id="12" st_id="1" stage="1" lat="1">
<core>AddSub</core>
<MemPortIdVec></MemPortIdVec>
<condition id="-1">
<or_exp><and_exp></and_exp></or_exp>
</condition>

<Node id="30" bw="32" op_0_bw="32" op_1_bw="32">
<![CDATA[
_ifconv:23  %t6_4 = sub i32 0, %in2_read

]]></Node>
<StgValue><ssdm name="t6_4"/></StgValue>
</operation>

<operation id="13" st_id="1" stage="1" lat="1">
<core>Sel</core>
<MemPortIdVec></MemPortIdVec>
<condition id="-1">
<or_exp><and_exp></and_exp></or_exp>
</condition>

<Node id="31" bw="32" op_0_bw="1" op_1_bw="32" op_2_bw="32">
<![CDATA[
_ifconv:24  %t6_5 = select i1 %icmp_ln31, i32 %t6_4, i32 %t6_3

]]></Node>
<StgValue><ssdm name="t6_5"/></StgValue>
</operation>

<operation id="14" st_id="1" stage="1" lat="1">
<core>AddSub</core>
<MemPortIdVec></MemPortIdVec>
<condition id="-1">
<or_exp><and_exp></and_exp></or_exp>
</condition>

<Node id="32" bw="32" op_0_bw="32" op_1_bw="32">
<![CDATA[
_ifconv:25  %t4 = sub nsw i32 %t6_5, %in4_read

]]></Node>
<StgValue><ssdm name="t4"/></StgValue>
</operation>

<operation id="15" st_id="1" stage="1" lat="1">
<core>Cmp</core>
<MemPortIdVec></MemPortIdVec>
<condition id="-1">
<or_exp><and_exp></and_exp></or_exp>
</condition>

<Node id="33" bw="1" op_0_bw="32" op_1_bw="32">
<![CDATA[
_ifconv:26  %icmp_ln24 = icmp eq i32 %in1_read, 4

]]></Node>
<StgValue><ssdm name="icmp_ln24"/></StgValue>
</operation>

<operation id="16" st_id="1" stage="1" lat="1">
<core>AddSub</core>
<MemPortIdVec></MemPortIdVec>
<condition id="-1">
<or_exp><and_exp></and_exp></or_exp>
</condition>

<Node id="34" bw="32" op_0_bw="32" op_1_bw="32">
<![CDATA[
_ifconv:27  %t4_1 = add nsw i32 %in2_read, 4

]]></Node>
<StgValue><ssdm name="t4_1"/></StgValue>
</operation>

<operation id="17" st_id="1" stage="1" lat="1">
<core>AddSub</core>
<MemPortIdVec></MemPortIdVec>
<condition id="-1">
<or_exp><and_exp></and_exp></or_exp>
</condition>

<Node id="35" bw="32" op_0_bw="32" op_1_bw="32">
<![CDATA[
_ifconv:28  %t4_2 = sub nsw i32 %in3_read, %in5_read

]]></Node>
<StgValue><ssdm name="t4_2"/></StgValue>
</operation>

<operation id="18" st_id="1" stage="1" lat="1">
<core>Sel</core>
<MemPortIdVec></MemPortIdVec>
<condition id="-1">
<or_exp><and_exp></and_exp></or_exp>
</condition>

<Node id="36" bw="32" op_0_bw="1" op_1_bw="32" op_2_bw="32">
<![CDATA[
_ifconv:29  %t4_3 = select i1 %icmp_ln24, i32 %t4_2, i32 %t4_1

]]></Node>
<StgValue><ssdm name="t4_3"/></StgValue>
</operation>

<operation id="19" st_id="1" stage="1" lat="1">
<core>Sel</core>
<MemPortIdVec></MemPortIdVec>
<condition id="-1">
<or_exp><and_exp></and_exp></or_exp>
</condition>

<Node id="37" bw="32" op_0_bw="1" op_1_bw="32" op_2_bw="32">
<![CDATA[
_ifconv:30  %t4_4 = select i1 %icmp_ln21, i32 %t4, i32 %t4_3

]]></Node>
<StgValue><ssdm name="t4_4"/></StgValue>
</operation>

<operation id="20" st_id="1" stage="1" lat="1">
<core>AddSub</core>
<MemPortIdVec></MemPortIdVec>
<condition id="-1">
<or_exp><and_exp></and_exp></or_exp>
</condition>

<Node id="38" bw="32" op_0_bw="32" op_1_bw="32">
<![CDATA[
_ifconv:31  %t6_6 = add nsw i32 %t4_4, %in4_read

]]></Node>
<StgValue><ssdm name="t6_6"/></StgValue>
</operation>
</state>

<state id="2" st_id="2">

<operation id="21" st_id="2" stage="1" lat="1">
<core>NULL</core>
<MemPortIdVec></MemPortIdVec>
<condition id="-1">
<or_exp><and_exp></and_exp></or_exp>
</condition>

<Node id="7" bw="0" op_0_bw="0" op_1_bw="32">
<![CDATA[
_ifconv:0  call void (...)* @_ssdm_op_SpecBitsMap(i32 %in1) nounwind, !map !25

]]></Node>
<StgValue><ssdm name="specbitsmap_ln0"/></StgValue>
</operation>

<operation id="22" st_id="2" stage="1" lat="1">
<core>NULL</core>
<MemPortIdVec></MemPortIdVec>
<condition id="-1">
<or_exp><and_exp></and_exp></or_exp>
</condition>

<Node id="8" bw="0" op_0_bw="0" op_1_bw="32">
<![CDATA[
_ifconv:1  call void (...)* @_ssdm_op_SpecBitsMap(i32 %in2) nounwind, !map !31

]]></Node>
<StgValue><ssdm name="specbitsmap_ln0"/></StgValue>
</operation>

<operation id="23" st_id="2" stage="1" lat="1">
<core>NULL</core>
<MemPortIdVec></MemPortIdVec>
<condition id="-1">
<or_exp><and_exp></and_exp></or_exp>
</condition>

<Node id="9" bw="0" op_0_bw="0" op_1_bw="32">
<![CDATA[
_ifconv:2  call void (...)* @_ssdm_op_SpecBitsMap(i32 %in3) nounwind, !map !35

]]></Node>
<StgValue><ssdm name="specbitsmap_ln0"/></StgValue>
</operation>

<operation id="24" st_id="2" stage="1" lat="1">
<core>NULL</core>
<MemPortIdVec></MemPortIdVec>
<condition id="-1">
<or_exp><and_exp></and_exp></or_exp>
</condition>

<Node id="10" bw="0" op_0_bw="0" op_1_bw="32">
<![CDATA[
_ifconv:3  call void (...)* @_ssdm_op_SpecBitsMap(i32 %in4) nounwind, !map !39

]]></Node>
<StgValue><ssdm name="specbitsmap_ln0"/></StgValue>
</operation>

<operation id="25" st_id="2" stage="1" lat="1">
<core>NULL</core>
<MemPortIdVec></MemPortIdVec>
<condition id="-1">
<or_exp><and_exp></and_exp></or_exp>
</condition>

<Node id="11" bw="0" op_0_bw="0" op_1_bw="32">
<![CDATA[
_ifconv:4  call void (...)* @_ssdm_op_SpecBitsMap(i32 %in5) nounwind, !map !43

]]></Node>
<StgValue><ssdm name="specbitsmap_ln0"/></StgValue>
</operation>

<operation id="26" st_id="2" stage="1" lat="1">
<core>NULL</core>
<MemPortIdVec></MemPortIdVec>
<condition id="-1">
<or_exp><and_exp></and_exp></or_exp>
</condition>

<Node id="12" bw="0" op_0_bw="0" op_1_bw="32">
<![CDATA[
_ifconv:5  call void (...)* @_ssdm_op_SpecBitsMap(i32 %in6) nounwind, !map !47

]]></Node>
<StgValue><ssdm name="specbitsmap_ln0"/></StgValue>
</operation>

<operation id="27" st_id="2" stage="1" lat="1">
<core>NULL</core>
<MemPortIdVec></MemPortIdVec>
<condition id="-1">
<or_exp><and_exp></and_exp></or_exp>
</condition>

<Node id="13" bw="0" op_0_bw="0" op_1_bw="32">
<![CDATA[
_ifconv:6  call void (...)* @_ssdm_op_SpecBitsMap(i32 0) nounwind, !map !51

]]></Node>
<StgValue><ssdm name="specbitsmap_ln0"/></StgValue>
</operation>

<operation id="28" st_id="2" stage="1" lat="1">
<core>NULL</core>
<MemPortIdVec></MemPortIdVec>
<condition id="-1">
<or_exp><and_exp></and_exp></or_exp>
</condition>

<Node id="14" bw="0" op_0_bw="0" op_1_bw="0">
<![CDATA[
_ifconv:7  call void (...)* @_ssdm_op_SpecTopModule([7 x i8]* @parker_str) nounwind

]]></Node>
<StgValue><ssdm name="spectopmodule_ln0"/></StgValue>
</operation>

<operation id="29" st_id="2" stage="1" lat="1">
<core>NULL</core>
<MemPortIdVec></MemPortIdVec>
<condition id="-1">
<or_exp><and_exp></and_exp></or_exp>
</condition>

<Node id="15" bw="32" op_0_bw="32" op_1_bw="32">
<![CDATA[
_ifconv:8  %in6_read = call i32 @_ssdm_op_Read.ap_auto.i32(i32 %in6) nounwind

]]></Node>
<StgValue><ssdm name="in6_read"/></StgValue>
</operation>

<operation id="30" st_id="2" stage="1" lat="1">
<core>Cmp</core>
<MemPortIdVec></MemPortIdVec>
<condition id="-1">
<or_exp><and_exp></and_exp></or_exp>
</condition>

<Node id="21" bw="1" op_0_bw="32" op_1_bw="32">
<![CDATA[
_ifconv:14  %icmp_ln19 = icmp eq i32 %in5_read, 0

]]></Node>
<StgValue><ssdm name="icmp_ln19"/></StgValue>
</operation>

<operation id="31" st_id="2" stage="1" lat="1">
<core>Cmp</core>
<MemPortIdVec></MemPortIdVec>
<condition id="-1">
<or_exp><and_exp></and_exp></or_exp>
</condition>

<Node id="22" bw="1" op_0_bw="32" op_1_bw="32">
<![CDATA[
_ifconv:15  %icmp_ln41 = icmp eq i32 %in6_read, 0

]]></Node>
<StgValue><ssdm name="icmp_ln41"/></StgValue>
</operation>

<operation id="32" st_id="2" stage="1" lat="1">
<core>AddSub</core>
<MemPortIdVec></MemPortIdVec>
<condition id="-1">
<or_exp><and_exp></and_exp></or_exp>
</condition>

<Node id="23" bw="32" op_0_bw="32" op_1_bw="32">
<![CDATA[
_ifconv:16  %t6 = add nsw i32 %in2_read, 5

]]></Node>
<StgValue><ssdm name="t6"/></StgValue>
</operation>

<operation id="33" st_id="2" stage="1" lat="1">
<core>AddSub</core>
<MemPortIdVec></MemPortIdVec>
<condition id="-1">
<or_exp><and_exp></and_exp></or_exp>
</condition>

<Node id="24" bw="32" op_0_bw="32" op_1_bw="32">
<![CDATA[
_ifconv:17  %t6_1 = sub nsw i32 8, %in4_read

]]></Node>
<StgValue><ssdm name="t6_1"/></StgValue>
</operation>

<operation id="34" st_id="2" stage="1" lat="1">
<core>Sel</core>
<MemPortIdVec></MemPortIdVec>
<condition id="-1">
<or_exp><and_exp></and_exp></or_exp>
</condition>

<Node id="25" bw="32" op_0_bw="1" op_1_bw="32" op_2_bw="32">
<![CDATA[
_ifconv:18  %t6_2 = select i1 %icmp_ln41, i32 %t6_1, i32 %t6

]]></Node>
<StgValue><ssdm name="t6_2"/></StgValue>
</operation>

<operation id="35" st_id="2" stage="1" lat="1">
<core>Sel</core>
<MemPortIdVec></MemPortIdVec>
<condition id="-1">
<or_exp><and_exp></and_exp></or_exp>
</condition>

<Node id="39" bw="32" op_0_bw="1" op_1_bw="32" op_2_bw="32">
<![CDATA[
_ifconv:32  %t6_7 = select i1 %icmp_ln19, i32 %t6_2, i32 %t6_6

]]></Node>
<StgValue><ssdm name="t6_7"/></StgValue>
</operation>

<operation id="36" st_id="2" stage="1" lat="1">
<core>Cmp</core>
<MemPortIdVec></MemPortIdVec>
<condition id="-1">
<or_exp><and_exp></and_exp></or_exp>
</condition>

<Node id="40" bw="1" op_0_bw="32" op_1_bw="32">
<![CDATA[
_ifconv:33  %icmp_ln46 = icmp eq i32 %t6_7, 0

]]></Node>
<StgValue><ssdm name="icmp_ln46"/></StgValue>
</operation>

<operation id="37" st_id="2" stage="1" lat="1">
<core>AddSub</core>
<MemPortIdVec></MemPortIdVec>
<condition id="-1">
<or_exp><and_exp></and_exp></or_exp>
</condition>

<Node id="41" bw="32" op_0_bw="32" op_1_bw="32">
<![CDATA[
_ifconv:34  %out1 = add nsw i32 %in1_read, -5

]]></Node>
<StgValue><ssdm name="out1"/></StgValue>
</operation>

<operation id="38" st_id="2" stage="1" lat="1">
<core>AddSub</core>
<MemPortIdVec></MemPortIdVec>
<condition id="-1">
<or_exp><and_exp></and_exp></or_exp>
</condition>

<Node id="42" bw="32" op_0_bw="32" op_1_bw="32">
<![CDATA[
_ifconv:35  %out1_1 = add nsw i32 %in5_read, 8

]]></Node>
<StgValue><ssdm name="out1_1"/></StgValue>
</operation>

<operation id="39" st_id="2" stage="1" lat="1">
<core>Sel</core>
<MemPortIdVec></MemPortIdVec>
<condition id="-1">
<or_exp><and_exp></and_exp></or_exp>
</condition>

<Node id="43" bw="32" op_0_bw="1" op_1_bw="32" op_2_bw="32">
<![CDATA[
_ifconv:36  %out1_2 = select i1 %icmp_ln46, i32 %out1_1, i32 %out1

]]></Node>
<StgValue><ssdm name="out1_2"/></StgValue>
</operation>

<operation id="40" st_id="2" stage="1" lat="1">
<core>NULL</core>
<MemPortIdVec></MemPortIdVec>
<condition id="-1">
<or_exp><and_exp></and_exp></or_exp>
</condition>

<Node id="44" bw="0" op_0_bw="32">
<![CDATA[
_ifconv:37  ret i32 %out1_2

]]></Node>
<StgValue><ssdm name="ret_ln50"/></StgValue>
</operation>
</state>
</state_list>


<ports>
<port id="42" name="in1" dir="0" iftype="0">
<core>NULL</core><StgValue><ssdm name="in1"/></StgValue>
</port>
<port id="43" name="in2" dir="0" iftype="0">
<core>NULL</core><StgValue><ssdm name="in2"/></StgValue>
</port>
<port id="44" name="in3" dir="0" iftype="0">
<core>NULL</core><StgValue><ssdm name="in3"/></StgValue>
</port>
<port id="45" name="in4" dir="0" iftype="0">
<core>NULL</core><StgValue><ssdm name="in4"/></StgValue>
</port>
<port id="46" name="in5" dir="0" iftype="0">
<core>NULL</core><StgValue><ssdm name="in5"/></StgValue>
</port>
<port id="47" name="in6" dir="0" iftype="0">
<core>NULL</core><StgValue><ssdm name="in6"/></StgValue>
</port>
</ports>


<dataflows>
<dataflow id="49" from="_ssdm_op_Read.ap_auto.i32" to="in5_read" fromId="48" toId="3">
</dataflow>
<dataflow id="50" from="in5" to="in5_read" fromId="46" toId="3">
</dataflow>
<dataflow id="51" from="_ssdm_op_Read.ap_auto.i32" to="in4_read" fromId="48" toId="4">
</dataflow>
<dataflow id="52" from="in4" to="in4_read" fromId="45" toId="4">
</dataflow>
<dataflow id="53" from="_ssdm_op_Read.ap_auto.i32" to="in3_read" fromId="48" toId="5">
</dataflow>
<dataflow id="54" from="in3" to="in3_read" fromId="44" toId="5">
</dataflow>
<dataflow id="55" from="_ssdm_op_Read.ap_auto.i32" to="in2_read" fromId="48" toId="6">
</dataflow>
<dataflow id="56" from="in2" to="in2_read" fromId="43" toId="6">
</dataflow>
<dataflow id="57" from="_ssdm_op_Read.ap_auto.i32" to="in1_read" fromId="48" toId="7">
</dataflow>
<dataflow id="58" from="in1" to="in1_read" fromId="42" toId="7">
</dataflow>
<dataflow id="60" from="StgValue_59" to="sub_ln21" fromId="59" toId="8">
</dataflow>
<dataflow id="61" from="in3_read" to="sub_ln21" fromId="5" toId="8">
</dataflow>
<dataflow id="62" from="in2_read" to="icmp_ln21" fromId="6" toId="9">
</dataflow>
<dataflow id="63" from="sub_ln21" to="icmp_ln21" fromId="8" toId="9">
</dataflow>
<dataflow id="64" from="in4_read" to="icmp_ln31" fromId="4" toId="10">
</dataflow>
<dataflow id="65" from="StgValue_59" to="icmp_ln31" fromId="59" toId="10">
</dataflow>
<dataflow id="66" from="in2_read" to="t6_3" fromId="6" toId="11">
</dataflow>
<dataflow id="67" from="in1_read" to="t6_3" fromId="7" toId="11">
</dataflow>
<dataflow id="68" from="StgValue_59" to="t6_4" fromId="59" toId="12">
</dataflow>
<dataflow id="69" from="in2_read" to="t6_4" fromId="6" toId="12">
</dataflow>
<dataflow id="70" from="icmp_ln31" to="t6_5" fromId="10" toId="13">
</dataflow>
<dataflow id="71" from="t6_4" to="t6_5" fromId="12" toId="13">
</dataflow>
<dataflow id="72" from="t6_3" to="t6_5" fromId="11" toId="13">
</dataflow>
<dataflow id="73" from="t6_5" to="t4" fromId="13" toId="14">
</dataflow>
<dataflow id="74" from="in4_read" to="t4" fromId="4" toId="14">
</dataflow>
<dataflow id="75" from="in1_read" to="icmp_ln24" fromId="7" toId="15">
</dataflow>
<dataflow id="77" from="StgValue_76" to="icmp_ln24" fromId="76" toId="15">
</dataflow>
<dataflow id="78" from="in2_read" to="t4_1" fromId="6" toId="16">
</dataflow>
<dataflow id="79" from="StgValue_76" to="t4_1" fromId="76" toId="16">
</dataflow>
<dataflow id="80" from="in3_read" to="t4_2" fromId="5" toId="17">
</dataflow>
<dataflow id="81" from="in5_read" to="t4_2" fromId="3" toId="17">
</dataflow>
<dataflow id="82" from="icmp_ln24" to="t4_3" fromId="15" toId="18">
</dataflow>
<dataflow id="83" from="t4_2" to="t4_3" fromId="17" toId="18">
</dataflow>
<dataflow id="84" from="t4_1" to="t4_3" fromId="16" toId="18">
</dataflow>
<dataflow id="85" from="icmp_ln21" to="t4_4" fromId="9" toId="19">
</dataflow>
<dataflow id="86" from="t4" to="t4_4" fromId="14" toId="19">
</dataflow>
<dataflow id="87" from="t4_3" to="t4_4" fromId="18" toId="19">
</dataflow>
<dataflow id="88" from="t4_4" to="t6_6" fromId="19" toId="20">
</dataflow>
<dataflow id="89" from="in4_read" to="t6_6" fromId="4" toId="20">
</dataflow>
<dataflow id="91" from="_ssdm_op_SpecBitsMap" to="specbitsmap_ln0" fromId="90" toId="21">
</dataflow>
<dataflow id="92" from="in1" to="specbitsmap_ln0" fromId="42" toId="21">
</dataflow>
<dataflow id="93" from="_ssdm_op_SpecBitsMap" to="specbitsmap_ln0" fromId="90" toId="22">
</dataflow>
<dataflow id="94" from="in2" to="specbitsmap_ln0" fromId="43" toId="22">
</dataflow>
<dataflow id="95" from="_ssdm_op_SpecBitsMap" to="specbitsmap_ln0" fromId="90" toId="23">
</dataflow>
<dataflow id="96" from="in3" to="specbitsmap_ln0" fromId="44" toId="23">
</dataflow>
<dataflow id="97" from="_ssdm_op_SpecBitsMap" to="specbitsmap_ln0" fromId="90" toId="24">
</dataflow>
<dataflow id="98" from="in4" to="specbitsmap_ln0" fromId="45" toId="24">
</dataflow>
<dataflow id="99" from="_ssdm_op_SpecBitsMap" to="specbitsmap_ln0" fromId="90" toId="25">
</dataflow>
<dataflow id="100" from="in5" to="specbitsmap_ln0" fromId="46" toId="25">
</dataflow>
<dataflow id="101" from="_ssdm_op_SpecBitsMap" to="specbitsmap_ln0" fromId="90" toId="26">
</dataflow>
<dataflow id="102" from="in6" to="specbitsmap_ln0" fromId="47" toId="26">
</dataflow>
<dataflow id="103" from="_ssdm_op_SpecBitsMap" to="specbitsmap_ln0" fromId="90" toId="27">
</dataflow>
<dataflow id="104" from="StgValue_59" to="specbitsmap_ln0" fromId="59" toId="27">
</dataflow>
<dataflow id="106" from="_ssdm_op_SpecTopModule" to="spectopmodule_ln0" fromId="105" toId="28">
</dataflow>
<dataflow id="108" from="parker_str" to="spectopmodule_ln0" fromId="107" toId="28">
</dataflow>
<dataflow id="109" from="_ssdm_op_Read.ap_auto.i32" to="in6_read" fromId="48" toId="29">
</dataflow>
<dataflow id="110" from="in6" to="in6_read" fromId="47" toId="29">
</dataflow>
<dataflow id="111" from="in5_read" to="icmp_ln19" fromId="3" toId="30">
</dataflow>
<dataflow id="112" from="StgValue_59" to="icmp_ln19" fromId="59" toId="30">
</dataflow>
<dataflow id="113" from="in6_read" to="icmp_ln41" fromId="29" toId="31">
</dataflow>
<dataflow id="114" from="StgValue_59" to="icmp_ln41" fromId="59" toId="31">
</dataflow>
<dataflow id="115" from="in2_read" to="t6" fromId="6" toId="32">
</dataflow>
<dataflow id="117" from="StgValue_116" to="t6" fromId="116" toId="32">
</dataflow>
<dataflow id="119" from="StgValue_118" to="t6_1" fromId="118" toId="33">
</dataflow>
<dataflow id="120" from="in4_read" to="t6_1" fromId="4" toId="33">
</dataflow>
<dataflow id="121" from="icmp_ln41" to="t6_2" fromId="31" toId="34">
</dataflow>
<dataflow id="122" from="t6_1" to="t6_2" fromId="33" toId="34">
</dataflow>
<dataflow id="123" from="t6" to="t6_2" fromId="32" toId="34">
</dataflow>
<dataflow id="124" from="icmp_ln19" to="t6_7" fromId="30" toId="35">
</dataflow>
<dataflow id="125" from="t6_2" to="t6_7" fromId="34" toId="35">
</dataflow>
<dataflow id="126" from="t6_6" to="t6_7" fromId="20" toId="35">
</dataflow>
<dataflow id="127" from="t6_7" to="icmp_ln46" fromId="35" toId="36">
</dataflow>
<dataflow id="128" from="StgValue_59" to="icmp_ln46" fromId="59" toId="36">
</dataflow>
<dataflow id="129" from="in1_read" to="out1" fromId="7" toId="37">
</dataflow>
<dataflow id="131" from="StgValue_130" to="out1" fromId="130" toId="37">
</dataflow>
<dataflow id="132" from="in5_read" to="out1_1" fromId="3" toId="38">
</dataflow>
<dataflow id="133" from="StgValue_118" to="out1_1" fromId="118" toId="38">
</dataflow>
<dataflow id="134" from="icmp_ln46" to="out1_2" fromId="36" toId="39">
</dataflow>
<dataflow id="135" from="out1_1" to="out1_2" fromId="38" toId="39">
</dataflow>
<dataflow id="136" from="out1" to="out1_2" fromId="37" toId="39">
</dataflow>
<dataflow id="137" from="out1_2" to="ret_ln50" fromId="39" toId="40">
</dataflow>
</dataflows>


</stg>
