<profile>

<section name = "Vivado HLS Report for 'parker'" level="0">
<item name = "Date">Wed Jan  6 14:00:34 2021
</item>
<item name = "Version">2019.2 (Build 2704478 on Wed Nov 06 22:10:23 MST 2019)</item>
<item name = "Project">parker</item>
<item name = "Solution">solution1</item>
<item name = "Product family">zynq</item>
<item name = "Target device">xc7z020-clg484-1</item>
</section>

<section name = "Performance Estimates" level="0">
<item name = "Timing">
<section name = "" level="1">
<item name = "Summary"><table name="" hasTotal="0">
<keys size="4">Clock, Target, Estimated, Uncertainty</keys>
<column name="ap_clk">10.00 ns, 7.656 ns, 1.25 ns</column>
</table>
</item>
</section>
</item>
<item name = "Latency">
<section name = "" level="1">
<item name = "Summary"><table name="" hasTotal="0">
<keys size="8">, min, max, min, max, min, max, Type</keys>
<column name="">1, 1, 10.000 ns, 10.000 ns, 1, 1, none</column>
</table>
</item>
<item name = "Detail">
<section name = "" level="1">
<item name = "Instance"><table name="" hasTotal="0">
<keys size="9">Instance, Module, min, max, min, max, min, max, Type</keys>
</table>
</item>
<item name = "Loop"><table name="" hasTotal="0">
<keys size="8">Loop Name, min, max, Latency, achieved, target, Count, Pipelined</keys>
</table>
</item>
</section>
</item>
</section>
</item>
</section>

<section name = "Utilization Estimates" level="0">
<item name = "Summary"><table name="" hasTotal="1">
<keys size="6">Name, BRAM_18K, DSP48E, FF, LUT, URAM</keys>
<column name="DSP">-, -, -, -, -</column>
<column name="Expression">-, -, 0, 729, -</column>
<column name="FIFO">-, -, -, -, -</column>
<column name="Instance">-, -, -, -, -</column>
<column name="Memory">-, -, -, -, -</column>
<column name="Multiplexer">-, -, -, 15, -</column>
<column name="Register">-, -, 34, -, -</column>
<specialColumn name="Available">280, 220, 106400, 53200, 0</specialColumn>
<specialColumn name="Utilization (%)">0, 0, ~0, 1, 0</specialColumn>
</table>
</item>
<item name = "Detail">
<section name = "" level="1">
<item name = "Instance"><table name="" hasTotal="1">
<keys size="7">Instance, Module, BRAM_18K, DSP48E, FF, LUT, URAM</keys>
</table>
</item>
<item name = "DSP48E"><table name="" hasTotal="0">
<keys size="3">Instance, Module, Expression</keys>
</table>
</item>
<item name = "Memory"><table name="" hasTotal="1">
<keys size="10">Memory, Module, BRAM_18K, FF, LUT, URAM, Words, Bits, Banks, W*Bits*Banks</keys>
</table>
</item>
<item name = "FIFO"><table name="" hasTotal="1">
<keys size="8">Name, BRAM_18K, FF, LUT, URAM, Depth, Bits, Size:D*B</keys>
</table>
</item>
<item name = "Expression"><table name="" hasTotal="1">
<keys size="7">Variable Name, Operation, DSP48E, FF, LUT, Bitwidth P0, Bitwidth P1</keys>
<column name="out1_1_fu_197_p2">+, 0, 0, 39, 32, 4</column>
<column name="out1_fu_192_p2">+, 0, 0, 39, 32, 4</column>
<column name="t4_1_fu_116_p2">+, 0, 0, 39, 32, 3</column>
<column name="t6_3_fu_84_p2">+, 0, 0, 39, 32, 32</column>
<column name="t6_6_fu_144_p2">+, 0, 0, 39, 32, 32</column>
<column name="t6_fu_161_p2">+, 0, 0, 39, 32, 3</column>
<column name="sub_ln21_fu_66_p2">-, 0, 0, 39, 1, 32</column>
<column name="t4_2_fu_122_p2">-, 0, 0, 39, 32, 32</column>
<column name="t4_fu_104_p2">-, 0, 0, 39, 32, 32</column>
<column name="t6_1_fu_166_p2">-, 0, 0, 39, 4, 32</column>
<column name="t6_4_fu_90_p2">-, 0, 0, 39, 1, 32</column>
<column name="icmp_ln19_fu_150_p2">icmp, 0, 0, 18, 32, 1</column>
<column name="icmp_ln21_fu_72_p2">icmp, 0, 0, 18, 32, 32</column>
<column name="icmp_ln24_fu_110_p2">icmp, 0, 0, 18, 32, 3</column>
<column name="icmp_ln31_fu_78_p2">icmp, 0, 0, 18, 32, 1</column>
<column name="icmp_ln41_fu_155_p2">icmp, 0, 0, 18, 32, 1</column>
<column name="icmp_ln46_fu_186_p2">icmp, 0, 0, 18, 32, 1</column>
<column name="ap_return">select, 0, 0, 32, 1, 32</column>
<column name="t4_3_fu_128_p3">select, 0, 0, 32, 1, 32</column>
<column name="t4_4_fu_136_p3">select, 0, 0, 32, 1, 32</column>
<column name="t6_2_fu_171_p3">select, 0, 0, 32, 1, 32</column>
<column name="t6_5_fu_96_p3">select, 0, 0, 32, 1, 32</column>
<column name="t6_7_fu_179_p3">select, 0, 0, 32, 1, 32</column>
</table>
</item>
<item name = "Multiplexer"><table name="" hasTotal="1">
<keys size="5">Name, LUT, Input Size, Bits, Total Bits</keys>
<column name="ap_NS_fsm">15, 3, 1, 3</column>
</table>
</item>
<item name = "Register"><table name="" hasTotal="1">
<keys size="5">Name, FF, LUT, Bits, Const Bits</keys>
<column name="ap_CS_fsm">2, 0, 2, 0</column>
<column name="t6_6_reg_231">32, 0, 32, 0</column>
</table>
</item>
</section>
</item>
</section>

<section name = "Interface" level="0">
<item name = "Summary"><table name="" hasTotal="0">
<keys size="6">RTL Ports, Dir, Bits, Protocol, Source Object, C Type</keys>
<column name="ap_clk">in, 1, ap_ctrl_hs, parker, return value</column>
<column name="ap_rst">in, 1, ap_ctrl_hs, parker, return value</column>
<column name="ap_start">in, 1, ap_ctrl_hs, parker, return value</column>
<column name="ap_done">out, 1, ap_ctrl_hs, parker, return value</column>
<column name="ap_idle">out, 1, ap_ctrl_hs, parker, return value</column>
<column name="ap_ready">out, 1, ap_ctrl_hs, parker, return value</column>
<column name="ap_return">out, 32, ap_ctrl_hs, parker, return value</column>
<column name="in1">in, 32, ap_none, in1, scalar</column>
<column name="in2">in, 32, ap_none, in2, scalar</column>
<column name="in3">in, 32, ap_none, in3, scalar</column>
<column name="in4">in, 32, ap_none, in4, scalar</column>
<column name="in5">in, 32, ap_none, in5, scalar</column>
<column name="in6">in, 32, ap_none, in6, scalar</column>
</table>
</item>
</section>
</profile>
