<annotationInfo>
<annotationInfo>
<item  id="21" filename="parker.c" linenumber="19" name="icmp_ln19" contextFuncName="parker" moduleName="parker" rtlName="icmp_ln19_fu_150_p2" latency="0" BRAM="-1" DSP="-1" FF="0" LUT="18" fileDirectory="C:\Users\vivek\Music\parker"><\/item>
<item  id="22" filename="parker.c" linenumber="41" name="icmp_ln41" contextFuncName="parker" moduleName="parker" rtlName="icmp_ln41_fu_155_p2" latency="0" BRAM="-1" DSP="-1" FF="0" LUT="18" fileDirectory="C:\Users\vivek\Music\parker"><\/item>
<item  id="23" filename="parker.c" linenumber="42" name="t6" contextFuncName="parker" moduleName="parker" rtlName="t6_fu_161_p2" latency="0" BRAM="-1" DSP="-1" FF="0" LUT="39" fileDirectory="C:\Users\vivek\Music\parker"><\/item>
<item  id="24" filename="parker.c" linenumber="44" name="t6_1" contextFuncName="parker" moduleName="parker" rtlName="t6_1_fu_166_p2" latency="0" BRAM="-1" DSP="-1" FF="0" LUT="39" fileDirectory="C:\Users\vivek\Music\parker"><\/item>
<item  id="25" filename="parker.c" linenumber="41" name="t6_2" contextFuncName="parker" moduleName="parker" rtlName="t6_2_fu_171_p3" latency="0" BRAM="-1" DSP="-1" FF="0" LUT="32" fileDirectory="C:\Users\vivek\Music\parker"><\/item>
<item  id="26" filename="parker.c" linenumber="21" name="sub_ln21" contextFuncName="parker" moduleName="parker" rtlName="sub_ln21_fu_66_p2" latency="0" BRAM="-1" DSP="-1" FF="0" LUT="39" fileDirectory="C:\Users\vivek\Music\parker"><\/item>
<item  id="27" filename="parker.c" linenumber="21" name="icmp_ln21" contextFuncName="parker" moduleName="parker" rtlName="icmp_ln21_fu_72_p2" latency="0" BRAM="-1" DSP="-1" FF="0" LUT="18" fileDirectory="C:\Users\vivek\Music\parker"><\/item>
<item  id="28" filename="parker.c" linenumber="31" name="icmp_ln31" contextFuncName="parker" moduleName="parker" rtlName="icmp_ln31_fu_78_p2" latency="0" BRAM="-1" DSP="-1" FF="0" LUT="18" fileDirectory="C:\Users\vivek\Music\parker"><\/item>
<item  id="29" filename="parker.c" linenumber="32" name="t6_3" contextFuncName="parker" moduleName="parker" rtlName="t6_3_fu_84_p2" latency="0" BRAM="-1" DSP="-1" FF="0" LUT="39" fileDirectory="C:\Users\vivek\Music\parker"><\/item>
<item  id="30" filename="parker.c" linenumber="35" name="t6_4" contextFuncName="parker" moduleName="parker" rtlName="t6_4_fu_90_p2" latency="0" BRAM="-1" DSP="-1" FF="0" LUT="39" fileDirectory="C:\Users\vivek\Music\parker"><\/item>
<item  id="31" filename="parker.c" linenumber="31" name="t6_5" contextFuncName="parker" moduleName="parker" rtlName="t6_5_fu_96_p3" latency="0" BRAM="-1" DSP="-1" FF="0" LUT="32" fileDirectory="C:\Users\vivek\Music\parker"><\/item>
<item  id="32" filename="parker.c" linenumber="37" name="t4" contextFuncName="parker" moduleName="parker" rtlName="t4_fu_104_p2" latency="0" BRAM="-1" DSP="-1" FF="0" LUT="39" fileDirectory="C:\Users\vivek\Music\parker"><\/item>
<item  id="33" filename="parker.c" linenumber="24" name="icmp_ln24" contextFuncName="parker" moduleName="parker" rtlName="icmp_ln24_fu_110_p2" latency="0" BRAM="-1" DSP="-1" FF="0" LUT="18" fileDirectory="C:\Users\vivek\Music\parker"><\/item>
<item  id="34" filename="parker.c" linenumber="25" name="t4_1" contextFuncName="parker" moduleName="parker" rtlName="t4_1_fu_116_p2" latency="0" BRAM="-1" DSP="-1" FF="0" LUT="39" fileDirectory="C:\Users\vivek\Music\parker"><\/item>
<item  id="35" filename="parker.c" linenumber="27" name="t4_2" contextFuncName="parker" moduleName="parker" rtlName="t4_2_fu_122_p2" latency="0" BRAM="-1" DSP="-1" FF="0" LUT="39" fileDirectory="C:\Users\vivek\Music\parker"><\/item>
<item  id="36" filename="parker.c" linenumber="24" name="t4_3" contextFuncName="parker" moduleName="parker" rtlName="t4_3_fu_128_p3" latency="0" BRAM="-1" DSP="-1" FF="0" LUT="32" fileDirectory="C:\Users\vivek\Music\parker"><\/item>
<item  id="37" filename="parker.c" linenumber="21" name="t4_4" contextFuncName="parker" moduleName="parker" rtlName="t4_4_fu_136_p3" latency="0" BRAM="-1" DSP="-1" FF="0" LUT="32" fileDirectory="C:\Users\vivek\Music\parker"><\/item>
<item  id="38" filename="parker.c" linenumber="39" name="t6_6" contextFuncName="parker" moduleName="parker" rtlName="t6_6_fu_144_p2" latency="0" BRAM="-1" DSP="-1" FF="0" LUT="39" fileDirectory="C:\Users\vivek\Music\parker"><\/item>
<item  id="39" filename="parker.c" linenumber="19" name="t6_7" contextFuncName="parker" moduleName="parker" rtlName="t6_7_fu_179_p3" latency="0" BRAM="-1" DSP="-1" FF="0" LUT="32" fileDirectory="C:\Users\vivek\Music\parker"><\/item>
<item  id="40" filename="parker.c" linenumber="46" name="icmp_ln46" contextFuncName="parker" moduleName="parker" rtlName="icmp_ln46_fu_186_p2" latency="0" BRAM="-1" DSP="-1" FF="0" LUT="18" fileDirectory="C:\Users\vivek\Music\parker"><\/item>
<item  id="41" filename="parker.c" linenumber="47" name="out1" contextFuncName="parker" moduleName="parker" rtlName="out1_fu_192_p2" latency="0" BRAM="-1" DSP="-1" FF="0" LUT="39" fileDirectory="C:\Users\vivek\Music\parker"><\/item>
<item  id="42" filename="parker.c" linenumber="49" name="out1_1" contextFuncName="parker" moduleName="parker" rtlName="out1_1_fu_197_p2" latency="0" BRAM="-1" DSP="-1" FF="0" LUT="39" fileDirectory="C:\Users\vivek\Music\parker"><\/item>
<item  id="43" filename="parker.c" linenumber="46" name="out1_2" contextFuncName="parker" moduleName="parker" rtlName="ap_return" latency="0" BRAM="-1" DSP="-1" FF="0" LUT="32" fileDirectory="C:\Users\vivek\Music\parker"><\/item>
<\/annotationInfo>
</annotationInfo>
