{
  "Top": "hls_macc",
  "RtlTop": "hls_macc",
  "RtlPrefix": "",
  "SourceLanguage": "c",
  "ResetStyle": "control",
  "GenerateBdFiles": "0",
  "HostMachineBits": "64",
  "Target": {
    "Family": "zynq",
    "Device": "xc7z020",
    "Package": "-clg484",
    "Speed": "-1"
  },
  "HlsSolution": {
    
  },
  "Args": {
    "i1": {
      "index": "0",
      "type": {
        "dataType": "int",
        "dataWidth": "32",
        "interfaceRef": "i1"
      }
    },
    "i2": {
      "index": "1",
      "type": {
        "dataType": "int",
        "dataWidth": "32",
        "interfaceRef": "i2"
      }
    },
    "i3": {
      "index": "2",
      "type": {
        "dataType": "int",
        "dataWidth": "32",
        "interfaceRef": "i3"
      }
    },
    "i4": {
      "index": "3",
      "type": {
        "dataType": "int",
        "dataWidth": "32",
        "interfaceRef": "i4"
      }
    },
    "i6": {
      "index": "4",
      "type": {
        "dataType": "int",
        "dataWidth": "32",
        "interfaceRef": "i6"
      }
    },
    "o1": {
      "index": "5",
      "type": {
        "kinds": ["pointer"],
        "dataType": "int",
        "dataWidth": "32",
        "interfaceRef": "o1"
      }
    },
    "o2": {
      "index": "6",
      "type": {
        "kinds": ["pointer"],
        "dataType": "int",
        "dataWidth": "32",
        "interfaceRef": "o2"
      }
    },
    "o3": {
      "index": "7",
      "type": {
        "kinds": ["pointer"],
        "dataType": "int",
        "dataWidth": "32",
        "interfaceRef": "o3"
      }
    },
    "o4": {
      "index": "8",
      "type": {
        "kinds": ["pointer"],
        "dataType": "int",
        "dataWidth": "32",
        "interfaceRef": "o4"
      }
    },
    "G1": {
      "index": "9",
      "type": {
        "dataType": "int",
        "dataWidth": "32",
        "interfaceRef": "G1"
      }
    },
    "G2": {
      "index": "10",
      "type": {
        "dataType": "int",
        "dataWidth": "32",
        "interfaceRef": "G2"
      }
    },
    "G3": {
      "index": "11",
      "type": {
        "dataType": "int",
        "dataWidth": "32",
        "interfaceRef": "G3"
      }
    },
    "G4": {
      "index": "12",
      "type": {
        "dataType": "int",
        "dataWidth": "32",
        "interfaceRef": "G4"
      }
    },
    "GG1": {
      "index": "13",
      "type": {
        "dataType": "int",
        "dataWidth": "32",
        "interfaceRef": "GG1"
      }
    },
    "GG2": {
      "index": "14",
      "type": {
        "dataType": "int",
        "dataWidth": "32",
        "interfaceRef": "GG2"
      }
    },
    "ap_return1": {
      "index": "15",
      "type": {
        "kinds": ["pointer"],
        "dataType": "int",
        "dataWidth": "32",
        "interfaceRef": "ap_return1"
      }
    }
  },
  "Return": {
    
  },
  "ClockInfo": {
    "ClockName": "ap_clk",
    "ClockPeriod": "10",
    "IsCombLogic": "0",
    "II": "x",
    "Latency": "4",
    "Uncertainty": "1.25"
  },
  "Xdc": {"OocClocks": ["create_clock -name ap_clk -period 10.000 [get_ports ap_clk]"]},
  "Ipx": {
    "Vendor": "xilinx.com",
    "Library": "hls",
    "Name": "hls_macc",
    "Version": "1.0",
    "DisplayName": "Hls_macc",
    "Revision": "",
    "Description": "An IP generated by Vivado HLS",
    "Taxonomy": "\/VIVADO_HLS_IP",
    "AutoFamilySupport": ""
  },
  "Files": {
    "CSource": ["..\/..\/no_constant.c"],
    "Vhdl": ["impl\/vhdl\/hls_macc.vhd"],
    "Verilog": ["impl\/verilog\/hls_macc.v"],
    "Misc": ["impl\/misc\/logo.png"],
    "DesignXml": "C:\/Users\/vivek\/Music\/no_constant\/no_consant\/solution1\/.autopilot\/db\/hls_macc.design.xml",
    "DebugDir": "C:\/Users\/vivek\/Music\/no_constant\/no_consant\/solution1\/.debug",
    "ProtoInst": ["C:\/Users\/vivek\/Music\/no_constant\/no_consant\/solution1\/.debug\/hls_macc.protoinst"]
  },
  "SubcoreInfo": {
    "HasXpmMemory": false,
    "HasClockedDsp": false,
    "IP": []
  },
  "Interfaces": {
    "ap_clk": {
      "type": "clock",
      "ctype": {"CLK": {"Type": "bool"}},
      "bundle_name": "ap_clk",
      "bundle_role": "default",
      "reset": "ap_rst"
    },
    "ap_ctrl": {
      "type": "ap_ctrl",
      "ctrl_ports": "ap_start ap_done ap_idle ap_ready",
      "ctype": {
        "start": {"Type": "bool"},
        "done": {"Type": "bool"},
        "idle": {"Type": "bool"},
        "ready": {"Type": "bool"}
      }
    },
    "ap_return1": {
      "type": "data",
      "dir": "out",
      "width": "32",
      "ctype": {"DATA": {
          "Type": "integer signed",
          "Width": "32"
        }},
      "bundle_name": "ap_return1",
      "bundle_role": "default"
    },
    "ap_rst": {
      "type": "reset",
      "polarity": "ACTIVE_HIGH",
      "ctype": {"RST": {"Type": "bool"}},
      "bundle_name": "ap_rst",
      "bundle_role": "default"
    },
    "G1": {
      "type": "data",
      "dir": "in",
      "width": "32",
      "ctype": {"DATA": {
          "Type": "integer signed",
          "Width": "32"
        }},
      "bundle_name": "G1",
      "bundle_role": "default"
    },
    "G2": {
      "type": "data",
      "dir": "in",
      "width": "32",
      "ctype": {"DATA": {
          "Type": "integer signed",
          "Width": "32"
        }},
      "bundle_name": "G2",
      "bundle_role": "default"
    },
    "G3": {
      "type": "data",
      "dir": "in",
      "width": "32",
      "ctype": {"DATA": {
          "Type": "integer signed",
          "Width": "32"
        }},
      "bundle_name": "G3",
      "bundle_role": "default"
    },
    "G4": {
      "type": "data",
      "dir": "in",
      "width": "32",
      "ctype": {"DATA": {
          "Type": "integer signed",
          "Width": "32"
        }},
      "bundle_name": "G4",
      "bundle_role": "default"
    },
    "GG1": {
      "type": "data",
      "dir": "in",
      "width": "32",
      "ctype": {"DATA": {
          "Type": "integer signed",
          "Width": "32"
        }},
      "bundle_name": "GG1",
      "bundle_role": "default"
    },
    "GG2": {
      "type": "data",
      "dir": "in",
      "width": "32",
      "ctype": {"DATA": {
          "Type": "integer signed",
          "Width": "32"
        }},
      "bundle_name": "GG2",
      "bundle_role": "default"
    },
    "i1": {
      "type": "data",
      "dir": "in",
      "width": "32",
      "ctype": {"DATA": {
          "Type": "integer signed",
          "Width": "32"
        }},
      "bundle_name": "i1",
      "bundle_role": "default"
    },
    "i2": {
      "type": "data",
      "dir": "in",
      "width": "32",
      "ctype": {"DATA": {
          "Type": "integer signed",
          "Width": "32"
        }},
      "bundle_name": "i2",
      "bundle_role": "default"
    },
    "i3": {
      "type": "data",
      "dir": "in",
      "width": "32",
      "ctype": {"DATA": {
          "Type": "integer signed",
          "Width": "32"
        }},
      "bundle_name": "i3",
      "bundle_role": "default"
    },
    "i4": {
      "type": "data",
      "dir": "in",
      "width": "32",
      "ctype": {"DATA": {
          "Type": "integer signed",
          "Width": "32"
        }},
      "bundle_name": "i4",
      "bundle_role": "default"
    },
    "i6": {
      "type": "data",
      "dir": "in",
      "width": "32",
      "ctype": {"DATA": {
          "Type": "integer signed",
          "Width": "32"
        }},
      "bundle_name": "i6",
      "bundle_role": "default"
    },
    "o1": {
      "type": "data",
      "dir": "out",
      "width": "32",
      "ctype": {"DATA": {
          "Type": "integer signed",
          "Width": "32"
        }},
      "bundle_name": "o1",
      "bundle_role": "default"
    },
    "o2": {
      "type": "data",
      "dir": "out",
      "width": "32",
      "ctype": {"DATA": {
          "Type": "integer signed",
          "Width": "32"
        }},
      "bundle_name": "o2",
      "bundle_role": "default"
    },
    "o3": {
      "type": "data",
      "dir": "in",
      "width": "32",
      "ctype": {"DATA": {
          "Type": "integer signed",
          "Width": "32"
        }},
      "bundle_name": "o3",
      "bundle_role": "default"
    },
    "o4": {
      "type": "data",
      "dir": "in",
      "width": "32",
      "ctype": {"DATA": {
          "Type": "integer signed",
          "Width": "32"
        }},
      "bundle_name": "o4",
      "bundle_role": "default"
    }
  },
  "RtlPorts": {
    "ap_clk": {
      "dir": "in",
      "width": "1"
    },
    "ap_rst": {
      "dir": "in",
      "width": "1"
    },
    "ap_start": {
      "dir": "in",
      "width": "1"
    },
    "ap_done": {
      "dir": "out",
      "width": "1"
    },
    "ap_idle": {
      "dir": "out",
      "width": "1"
    },
    "ap_ready": {
      "dir": "out",
      "width": "1"
    },
    "i1": {
      "dir": "in",
      "width": "32"
    },
    "i2": {
      "dir": "in",
      "width": "32"
    },
    "i3": {
      "dir": "in",
      "width": "32"
    },
    "i4": {
      "dir": "in",
      "width": "32"
    },
    "i6": {
      "dir": "in",
      "width": "32"
    },
    "o1": {
      "dir": "out",
      "width": "32"
    },
    "o1_ap_vld": {
      "dir": "out",
      "width": "1"
    },
    "o2": {
      "dir": "out",
      "width": "32"
    },
    "o2_ap_vld": {
      "dir": "out",
      "width": "1"
    },
    "o3": {
      "dir": "in",
      "width": "32"
    },
    "o4": {
      "dir": "in",
      "width": "32"
    },
    "G1": {
      "dir": "in",
      "width": "32"
    },
    "G2": {
      "dir": "in",
      "width": "32"
    },
    "G3": {
      "dir": "in",
      "width": "32"
    },
    "G4": {
      "dir": "in",
      "width": "32"
    },
    "GG1": {
      "dir": "in",
      "width": "32"
    },
    "GG2": {
      "dir": "in",
      "width": "32"
    },
    "ap_return1": {
      "dir": "out",
      "width": "32"
    },
    "ap_return1_ap_vld": {
      "dir": "out",
      "width": "1"
    }
  },
  "ModuleInfo": {
    "Hierarchy": {"ModuleName": "hls_macc"},
    "Info": {"hls_macc": {
        "FunctionProtocol": "ap_ctrl_hs",
        "isTaskLevelControl": "1",
        "isPipelined": "0",
        "isCombinational": "0",
        "isOneStateSeq": "0"
      }},
    "Metrics": {"hls_macc": {
        "Latency": {
          "LatencyBest": "4",
          "LatencyAvg": "4",
          "LatencyWorst": "4",
          "PipelineII": "5",
          "PipelineDepth": "",
          "PipelineType": "none"
        },
        "Timing": {
          "Target": "10.00",
          "Uncertainty": "1.25",
          "Estimate": "8.510"
        },
        "Area": {
          "DSP48E": "21",
          "FF": "327",
          "LUT": "692",
          "BRAM_18K": "0",
          "URAM": "0"
        }
      }}
  },
  "Sdx": {
    "Target": "none",
    "ProfileOption": "0",
    "ProfileType": "none",
    "XO": "",
    "KernelName": "hls_macc",
    "EnableXoSwEmu": "1"
  },
  "GenData": {
    "DataVersion": "0.2",
    "Time": "2021-01-06 12:39:09 +0530",
    "ToolName": "vivado_hls",
    "ToolVersion": "2019.2"
  }
}
