<stg><name>hls_macc</name>


<trans_list>

<trans id="60" from="1" to="2">
<condition id="-1">
<or_exp><and_exp></and_exp></or_exp>
</condition>
</trans>

<trans id="61" from="2" to="3">
<condition id="-1">
<or_exp><and_exp></and_exp></or_exp>
</condition>
</trans>

<trans id="62" from="3" to="4">
<condition id="-1">
<or_exp><and_exp></and_exp></or_exp>
</condition>
</trans>

<trans id="63" from="4" to="5">
<condition id="-1">
<or_exp><and_exp></and_exp></or_exp>
</condition>
</trans>
</trans_list>



<state_list>

<state id="1" st_id="1">

<operation id="6" st_id="1" stage="1" lat="1">
<core>NULL</core>
<MemPortIdVec></MemPortIdVec>
<condition id="-1">
<or_exp><and_exp></and_exp></or_exp>
</condition>

<Node id="35" bw="32" op_0_bw="32" op_1_bw="32">
<![CDATA[
_ifconv:18  %G2_read = call i32 @_ssdm_op_Read.ap_auto.i32(i32 %G2) nounwind

]]></Node>
<StgValue><ssdm name="G2_read"/></StgValue>
</operation>

<operation id="7" st_id="1" stage="1" lat="1">
<core>NULL</core>
<MemPortIdVec></MemPortIdVec>
<condition id="-1">
<or_exp><and_exp></and_exp></or_exp>
</condition>

<Node id="36" bw="32" op_0_bw="32" op_1_bw="32">
<![CDATA[
_ifconv:19  %G1_read = call i32 @_ssdm_op_Read.ap_auto.i32(i32 %G1) nounwind

]]></Node>
<StgValue><ssdm name="G1_read"/></StgValue>
</operation>

<operation id="8" st_id="1" stage="1" lat="1">
<core>NULL</core>
<MemPortIdVec></MemPortIdVec>
<condition id="-1">
<or_exp><and_exp></and_exp></or_exp>
</condition>

<Node id="38" bw="32" op_0_bw="32" op_1_bw="32">
<![CDATA[
_ifconv:21  %i4_read = call i32 @_ssdm_op_Read.ap_auto.i32(i32 %i4) nounwind

]]></Node>
<StgValue><ssdm name="i4_read"/></StgValue>
</operation>

<operation id="9" st_id="1" stage="1" lat="1">
<core>NULL</core>
<MemPortIdVec></MemPortIdVec>
<condition id="-1">
<or_exp><and_exp></and_exp></or_exp>
</condition>

<Node id="39" bw="32" op_0_bw="32" op_1_bw="32">
<![CDATA[
_ifconv:22  %i3_read = call i32 @_ssdm_op_Read.ap_auto.i32(i32 %i3) nounwind

]]></Node>
<StgValue><ssdm name="i3_read"/></StgValue>
</operation>

<operation id="10" st_id="1" stage="1" lat="1">
<core>NULL</core>
<MemPortIdVec></MemPortIdVec>
<condition id="-1">
<or_exp><and_exp></and_exp></or_exp>
</condition>

<Node id="41" bw="32" op_0_bw="32" op_1_bw="32">
<![CDATA[
_ifconv:24  %i1_read = call i32 @_ssdm_op_Read.ap_auto.i32(i32 %i1) nounwind

]]></Node>
<StgValue><ssdm name="i1_read"/></StgValue>
</operation>

<operation id="11" st_id="1" stage="1" lat="1">
<core>Mul</core>
<MemPortIdVec></MemPortIdVec>
<condition id="-1">
<or_exp><and_exp></and_exp></or_exp>
</condition>

<Node id="43" bw="32" op_0_bw="32" op_1_bw="32">
<![CDATA[
_ifconv:26  %op4 = mul nsw i32 %G2_read, %i1_read

]]></Node>
<StgValue><ssdm name="op4"/></StgValue>
</operation>

<operation id="12" st_id="1" stage="1" lat="1">
<core>Mul</core>
<MemPortIdVec></MemPortIdVec>
<condition id="-1">
<or_exp><and_exp></and_exp></or_exp>
</condition>

<Node id="45" bw="32" op_0_bw="32" op_1_bw="32">
<![CDATA[
_ifconv:28  %op5 = mul nsw i32 %G1_read, %i3_read

]]></Node>
<StgValue><ssdm name="op5"/></StgValue>
</operation>

<operation id="13" st_id="1" stage="1" lat="1">
<core>Mul</core>
<MemPortIdVec></MemPortIdVec>
<condition id="-1">
<or_exp><and_exp></and_exp></or_exp>
</condition>

<Node id="48" bw="32" op_0_bw="32" op_1_bw="32">
<![CDATA[
_ifconv:31  %op5_2 = mul nsw i32 %i4_read, %i3_read

]]></Node>
<StgValue><ssdm name="op5_2"/></StgValue>
</operation>
</state>

<state id="2" st_id="2">

<operation id="14" st_id="2" stage="1" lat="1">
<core>NULL</core>
<MemPortIdVec></MemPortIdVec>
<condition id="-1">
<or_exp><and_exp></and_exp></or_exp>
</condition>

<Node id="34" bw="32" op_0_bw="32" op_1_bw="32">
<![CDATA[
_ifconv:17  %GG1_read = call i32 @_ssdm_op_Read.ap_auto.i32(i32 %GG1) nounwind

]]></Node>
<StgValue><ssdm name="GG1_read"/></StgValue>
</operation>

<operation id="15" st_id="2" stage="1" lat="1">
<core>Cmp</core>
<MemPortIdVec></MemPortIdVec>
<condition id="-1">
<or_exp><and_exp></and_exp></or_exp>
</condition>

<Node id="44" bw="1" op_0_bw="32" op_1_bw="32">
<![CDATA[
_ifconv:27  %icmp_ln16 = icmp sgt i32 %G1_read, 10

]]></Node>
<StgValue><ssdm name="icmp_ln16"/></StgValue>
</operation>

<operation id="16" st_id="2" stage="1" lat="1">
<core>AddSub</core>
<MemPortIdVec></MemPortIdVec>
<condition id="-1">
<or_exp><and_exp></and_exp></or_exp>
</condition>

<Node id="46" bw="32" op_0_bw="32" op_1_bw="32">
<![CDATA[
_ifconv:29  %op5_1 = add nsw i32 %op5, %GG1_read

]]></Node>
<StgValue><ssdm name="op5_1"/></StgValue>
</operation>

<operation id="17" st_id="2" stage="1" lat="1">
<core>Sel</core>
<MemPortIdVec></MemPortIdVec>
<condition id="-1">
<or_exp><and_exp></and_exp></or_exp>
</condition>

<Node id="50" bw="32" op_0_bw="1" op_1_bw="32" op_2_bw="32">
<![CDATA[
_ifconv:33  %op5_3 = select i1 %icmp_ln16, i32 %op5_1, i32 %op5_2

]]></Node>
<StgValue><ssdm name="op5_3"/></StgValue>
</operation>

<operation id="18" st_id="2" stage="1" lat="1">
<core>Cmp</core>
<MemPortIdVec></MemPortIdVec>
<condition id="-1">
<or_exp><and_exp></and_exp></or_exp>
</condition>

<Node id="52" bw="1" op_0_bw="32" op_1_bw="32">
<![CDATA[
_ifconv:35  %icmp_ln27 = icmp slt i32 %op5_3, %op4

]]></Node>
<StgValue><ssdm name="icmp_ln27"/></StgValue>
</operation>
</state>

<state id="3" st_id="3">

<operation id="19" st_id="3" stage="1" lat="1">
<core>NULL</core>
<MemPortIdVec></MemPortIdVec>
<condition id="-1">
<or_exp><and_exp></and_exp></or_exp>
</condition>

<Node id="40" bw="32" op_0_bw="32" op_1_bw="32">
<![CDATA[
_ifconv:23  %i2_read = call i32 @_ssdm_op_Read.ap_auto.i32(i32 %i2) nounwind

]]></Node>
<StgValue><ssdm name="i2_read"/></StgValue>
</operation>

<operation id="20" st_id="3" stage="1" lat="1">
<core>Mul</core>
<MemPortIdVec></MemPortIdVec>
<condition id="-1">
<or_exp><and_exp><literal name="icmp_ln16" val="0"/>
<literal name="icmp_ln27" val="0"/>
</and_exp></or_exp>
</condition>

<Node id="42" bw="32" op_0_bw="32" op_1_bw="32">
<![CDATA[
_ifconv:25  %op3 = mul nsw i32 %G1_read, %i2_read

]]></Node>
<StgValue><ssdm name="op3"/></StgValue>
</operation>

<operation id="21" st_id="3" stage="1" lat="1">
<core>Mul</core>
<MemPortIdVec></MemPortIdVec>
<condition id="-1">
<or_exp><and_exp><literal name="icmp_ln27" val="1"/>
</and_exp></or_exp>
</condition>

<Node id="53" bw="32" op_0_bw="32" op_1_bw="32">
<![CDATA[
_ifconv:36  %op6_3 = mul nsw i32 %G2_read, %i4_read

]]></Node>
<StgValue><ssdm name="op6_3"/></StgValue>
</operation>

<operation id="22" st_id="3" stage="1" lat="1">
<core>Mul</core>
<MemPortIdVec></MemPortIdVec>
<condition id="-1">
<or_exp><and_exp></and_exp></or_exp>
</condition>

<Node id="56" bw="32" op_0_bw="32" op_1_bw="32">
<![CDATA[
_ifconv:39  %op7 = mul nsw i32 %G1_read, %i4_read

]]></Node>
<StgValue><ssdm name="op7"/></StgValue>
</operation>

<operation id="23" st_id="3" stage="1" lat="1">
<core>Mul</core>
<MemPortIdVec></MemPortIdVec>
<condition id="-1">
<or_exp><and_exp></and_exp></or_exp>
</condition>

<Node id="57" bw="32" op_0_bw="32" op_1_bw="32">
<![CDATA[
_ifconv:40  %op8 = mul nsw i32 %G2_read, %i3_read

]]></Node>
<StgValue><ssdm name="op8"/></StgValue>
</operation>
</state>

<state id="4" st_id="4">

<operation id="24" st_id="4" stage="1" lat="1">
<core>NULL</core>
<MemPortIdVec></MemPortIdVec>
<condition id="-1">
<or_exp><and_exp></and_exp></or_exp>
</condition>

<Node id="37" bw="32" op_0_bw="32" op_1_bw="32">
<![CDATA[
_ifconv:20  %i6_read = call i32 @_ssdm_op_Read.ap_auto.i32(i32 %i6) nounwind

]]></Node>
<StgValue><ssdm name="i6_read"/></StgValue>
</operation>

<operation id="25" st_id="4" stage="1" lat="1">
<core>AddSub</core>
<MemPortIdVec></MemPortIdVec>
<condition id="-1">
<or_exp><and_exp><literal name="icmp_ln16" val="1"/>
<literal name="icmp_ln27" val="0"/>
</and_exp></or_exp>
</condition>

<Node id="47" bw="32" op_0_bw="32" op_1_bw="32">
<![CDATA[
_ifconv:30  %op6 = sub nsw i32 %op5_1, %op4

]]></Node>
<StgValue><ssdm name="op6"/></StgValue>
</operation>

<operation id="26" st_id="4" stage="1" lat="1">
<core>AddSub</core>
<MemPortIdVec></MemPortIdVec>
<condition id="-1">
<or_exp><and_exp><literal name="icmp_ln16" val="0"/>
<literal name="icmp_ln27" val="0"/>
</and_exp></or_exp>
</condition>

<Node id="49" bw="32" op_0_bw="32" op_1_bw="32">
<![CDATA[
_ifconv:32  %op6_1 = sub nsw i32 %op5_2, %op3

]]></Node>
<StgValue><ssdm name="op6_1"/></StgValue>
</operation>

<operation id="27" st_id="4" stage="1" lat="1">
<core>Sel</core>
<MemPortIdVec></MemPortIdVec>
<condition id="-1">
<or_exp><and_exp><literal name="icmp_ln27" val="0"/>
</and_exp></or_exp>
</condition>

<Node id="51" bw="32" op_0_bw="1" op_1_bw="32" op_2_bw="32">
<![CDATA[
_ifconv:34  %op6_2 = select i1 %icmp_ln16, i32 %op6, i32 %op6_1

]]></Node>
<StgValue><ssdm name="op6_2"/></StgValue>
</operation>

<operation id="28" st_id="4" stage="1" lat="1">
<core>AddSub</core>
<MemPortIdVec></MemPortIdVec>
<condition id="-1">
<or_exp><and_exp><literal name="icmp_ln27" val="1"/>
</and_exp></or_exp>
</condition>

<Node id="54" bw="32" op_0_bw="32" op_1_bw="32">
<![CDATA[
_ifconv:37  %op6_4 = sub nsw i32 %op6_3, %i3_read

]]></Node>
<StgValue><ssdm name="op6_4"/></StgValue>
</operation>

<operation id="29" st_id="4" stage="1" lat="1">
<core>Sel</core>
<MemPortIdVec></MemPortIdVec>
<condition id="-1">
<or_exp><and_exp></and_exp></or_exp>
</condition>

<Node id="55" bw="32" op_0_bw="1" op_1_bw="32" op_2_bw="32">
<![CDATA[
_ifconv:38  %op6_5 = select i1 %icmp_ln27, i32 %op6_4, i32 %op6_2

]]></Node>
<StgValue><ssdm name="op6_5"/></StgValue>
</operation>

<operation id="30" st_id="4" stage="1" lat="1">
<core>TAddSub</core>
<MemPortIdVec></MemPortIdVec>
<condition id="-1">
<or_exp><and_exp></and_exp></or_exp>
</condition>

<Node id="58" bw="32" op_0_bw="32" op_1_bw="32">
<![CDATA[
_ifconv:41  %add_ln47 = add i32 %op6_5, %G1_read

]]></Node>
<StgValue><ssdm name="add_ln47"/></StgValue>
</operation>

<operation id="31" st_id="4" stage="1" lat="1">
<core>TAddSub</core>
<MemPortIdVec></MemPortIdVec>
<condition id="-1">
<or_exp><and_exp></and_exp></or_exp>
</condition>

<Node id="59" bw="32" op_0_bw="32" op_1_bw="32">
<![CDATA[
_ifconv:42  %op13 = add i32 %add_ln47, %op4

]]></Node>
<StgValue><ssdm name="op13"/></StgValue>
</operation>

<operation id="32" st_id="4" stage="1" lat="1">
<core>TAddSub</core>
<MemPortIdVec></MemPortIdVec>
<condition id="-1">
<or_exp><and_exp></and_exp></or_exp>
</condition>

<Node id="61" bw="32" op_0_bw="32" op_1_bw="32">
<![CDATA[
_ifconv:44  %add_ln49 = add i32 %op8, %i6_read

]]></Node>
<StgValue><ssdm name="add_ln49"/></StgValue>
</operation>

<operation id="33" st_id="4" stage="1" lat="1">
<core>TAddSub</core>
<MemPortIdVec></MemPortIdVec>
<condition id="-1">
<or_exp><and_exp></and_exp></or_exp>
</condition>

<Node id="62" bw="32" op_0_bw="32" op_1_bw="32">
<![CDATA[
_ifconv:45  %op14 = add i32 %add_ln49, %op7

]]></Node>
<StgValue><ssdm name="op14"/></StgValue>
</operation>
</state>

<state id="5" st_id="5">

<operation id="34" st_id="5" stage="1" lat="1">
<core>NULL</core>
<MemPortIdVec></MemPortIdVec>
<condition id="-1">
<or_exp><and_exp></and_exp></or_exp>
</condition>

<Node id="17" bw="0" op_0_bw="0" op_1_bw="32">
<![CDATA[
_ifconv:0  call void (...)* @_ssdm_op_SpecBitsMap(i32 %i1) nounwind, !map !7

]]></Node>
<StgValue><ssdm name="specbitsmap_ln0"/></StgValue>
</operation>

<operation id="35" st_id="5" stage="1" lat="1">
<core>NULL</core>
<MemPortIdVec></MemPortIdVec>
<condition id="-1">
<or_exp><and_exp></and_exp></or_exp>
</condition>

<Node id="18" bw="0" op_0_bw="0" op_1_bw="32">
<![CDATA[
_ifconv:1  call void (...)* @_ssdm_op_SpecBitsMap(i32 %i2) nounwind, !map !13

]]></Node>
<StgValue><ssdm name="specbitsmap_ln0"/></StgValue>
</operation>

<operation id="36" st_id="5" stage="1" lat="1">
<core>NULL</core>
<MemPortIdVec></MemPortIdVec>
<condition id="-1">
<or_exp><and_exp></and_exp></or_exp>
</condition>

<Node id="19" bw="0" op_0_bw="0" op_1_bw="32">
<![CDATA[
_ifconv:2  call void (...)* @_ssdm_op_SpecBitsMap(i32 %i3) nounwind, !map !17

]]></Node>
<StgValue><ssdm name="specbitsmap_ln0"/></StgValue>
</operation>

<operation id="37" st_id="5" stage="1" lat="1">
<core>NULL</core>
<MemPortIdVec></MemPortIdVec>
<condition id="-1">
<or_exp><and_exp></and_exp></or_exp>
</condition>

<Node id="20" bw="0" op_0_bw="0" op_1_bw="32">
<![CDATA[
_ifconv:3  call void (...)* @_ssdm_op_SpecBitsMap(i32 %i4) nounwind, !map !21

]]></Node>
<StgValue><ssdm name="specbitsmap_ln0"/></StgValue>
</operation>

<operation id="38" st_id="5" stage="1" lat="1">
<core>NULL</core>
<MemPortIdVec></MemPortIdVec>
<condition id="-1">
<or_exp><and_exp></and_exp></or_exp>
</condition>

<Node id="21" bw="0" op_0_bw="0" op_1_bw="32">
<![CDATA[
_ifconv:4  call void (...)* @_ssdm_op_SpecBitsMap(i32 %i6) nounwind, !map !25

]]></Node>
<StgValue><ssdm name="specbitsmap_ln0"/></StgValue>
</operation>

<operation id="39" st_id="5" stage="1" lat="1">
<core>NULL</core>
<MemPortIdVec></MemPortIdVec>
<condition id="-1">
<or_exp><and_exp></and_exp></or_exp>
</condition>

<Node id="22" bw="0" op_0_bw="0" op_1_bw="32">
<![CDATA[
_ifconv:5  call void (...)* @_ssdm_op_SpecBitsMap(i32* %o1) nounwind, !map !29

]]></Node>
<StgValue><ssdm name="specbitsmap_ln0"/></StgValue>
</operation>

<operation id="40" st_id="5" stage="1" lat="1">
<core>NULL</core>
<MemPortIdVec></MemPortIdVec>
<condition id="-1">
<or_exp><and_exp></and_exp></or_exp>
</condition>

<Node id="23" bw="0" op_0_bw="0" op_1_bw="32">
<![CDATA[
_ifconv:6  call void (...)* @_ssdm_op_SpecBitsMap(i32* %o2) nounwind, !map !35

]]></Node>
<StgValue><ssdm name="specbitsmap_ln0"/></StgValue>
</operation>

<operation id="41" st_id="5" stage="1" lat="1">
<core>NULL</core>
<MemPortIdVec></MemPortIdVec>
<condition id="-1">
<or_exp><and_exp></and_exp></or_exp>
</condition>

<Node id="24" bw="0" op_0_bw="0" op_1_bw="32">
<![CDATA[
_ifconv:7  call void (...)* @_ssdm_op_SpecBitsMap(i32* %o3) nounwind, !map !39

]]></Node>
<StgValue><ssdm name="specbitsmap_ln0"/></StgValue>
</operation>

<operation id="42" st_id="5" stage="1" lat="1">
<core>NULL</core>
<MemPortIdVec></MemPortIdVec>
<condition id="-1">
<or_exp><and_exp></and_exp></or_exp>
</condition>

<Node id="25" bw="0" op_0_bw="0" op_1_bw="32">
<![CDATA[
_ifconv:8  call void (...)* @_ssdm_op_SpecBitsMap(i32* %o4) nounwind, !map !43

]]></Node>
<StgValue><ssdm name="specbitsmap_ln0"/></StgValue>
</operation>

<operation id="43" st_id="5" stage="1" lat="1">
<core>NULL</core>
<MemPortIdVec></MemPortIdVec>
<condition id="-1">
<or_exp><and_exp></and_exp></or_exp>
</condition>

<Node id="26" bw="0" op_0_bw="0" op_1_bw="32">
<![CDATA[
_ifconv:9  call void (...)* @_ssdm_op_SpecBitsMap(i32 %G1) nounwind, !map !47

]]></Node>
<StgValue><ssdm name="specbitsmap_ln0"/></StgValue>
</operation>

<operation id="44" st_id="5" stage="1" lat="1">
<core>NULL</core>
<MemPortIdVec></MemPortIdVec>
<condition id="-1">
<or_exp><and_exp></and_exp></or_exp>
</condition>

<Node id="27" bw="0" op_0_bw="0" op_1_bw="32">
<![CDATA[
_ifconv:10  call void (...)* @_ssdm_op_SpecBitsMap(i32 %G2) nounwind, !map !51

]]></Node>
<StgValue><ssdm name="specbitsmap_ln0"/></StgValue>
</operation>

<operation id="45" st_id="5" stage="1" lat="1">
<core>NULL</core>
<MemPortIdVec></MemPortIdVec>
<condition id="-1">
<or_exp><and_exp></and_exp></or_exp>
</condition>

<Node id="28" bw="0" op_0_bw="0" op_1_bw="32">
<![CDATA[
_ifconv:11  call void (...)* @_ssdm_op_SpecBitsMap(i32 %G3) nounwind, !map !55

]]></Node>
<StgValue><ssdm name="specbitsmap_ln0"/></StgValue>
</operation>

<operation id="46" st_id="5" stage="1" lat="1">
<core>NULL</core>
<MemPortIdVec></MemPortIdVec>
<condition id="-1">
<or_exp><and_exp></and_exp></or_exp>
</condition>

<Node id="29" bw="0" op_0_bw="0" op_1_bw="32">
<![CDATA[
_ifconv:12  call void (...)* @_ssdm_op_SpecBitsMap(i32 %G4) nounwind, !map !59

]]></Node>
<StgValue><ssdm name="specbitsmap_ln0"/></StgValue>
</operation>

<operation id="47" st_id="5" stage="1" lat="1">
<core>NULL</core>
<MemPortIdVec></MemPortIdVec>
<condition id="-1">
<or_exp><and_exp></and_exp></or_exp>
</condition>

<Node id="30" bw="0" op_0_bw="0" op_1_bw="32">
<![CDATA[
_ifconv:13  call void (...)* @_ssdm_op_SpecBitsMap(i32 %GG1) nounwind, !map !63

]]></Node>
<StgValue><ssdm name="specbitsmap_ln0"/></StgValue>
</operation>

<operation id="48" st_id="5" stage="1" lat="1">
<core>NULL</core>
<MemPortIdVec></MemPortIdVec>
<condition id="-1">
<or_exp><and_exp></and_exp></or_exp>
</condition>

<Node id="31" bw="0" op_0_bw="0" op_1_bw="32">
<![CDATA[
_ifconv:14  call void (...)* @_ssdm_op_SpecBitsMap(i32 %GG2) nounwind, !map !67

]]></Node>
<StgValue><ssdm name="specbitsmap_ln0"/></StgValue>
</operation>

<operation id="49" st_id="5" stage="1" lat="1">
<core>NULL</core>
<MemPortIdVec></MemPortIdVec>
<condition id="-1">
<or_exp><and_exp></and_exp></or_exp>
</condition>

<Node id="32" bw="0" op_0_bw="0" op_1_bw="32">
<![CDATA[
_ifconv:15  call void (...)* @_ssdm_op_SpecBitsMap(i32* %ap_return1) nounwind, !map !71

]]></Node>
<StgValue><ssdm name="specbitsmap_ln0"/></StgValue>
</operation>

<operation id="50" st_id="5" stage="1" lat="1">
<core>NULL</core>
<MemPortIdVec></MemPortIdVec>
<condition id="-1">
<or_exp><and_exp></and_exp></or_exp>
</condition>

<Node id="33" bw="0" op_0_bw="0" op_1_bw="0">
<![CDATA[
_ifconv:16  call void (...)* @_ssdm_op_SpecTopModule([9 x i8]* @hls_macc_str) nounwind

]]></Node>
<StgValue><ssdm name="spectopmodule_ln0"/></StgValue>
</operation>

<operation id="51" st_id="5" stage="1" lat="1">
<core>NULL</core>
<MemPortIdVec></MemPortIdVec>
<condition id="-1">
<or_exp><and_exp></and_exp></or_exp>
</condition>

<Node id="60" bw="0" op_0_bw="0" op_1_bw="32" op_2_bw="32">
<![CDATA[
_ifconv:43  call void @_ssdm_op_Write.ap_auto.i32P(i32* %o1, i32 %op13) nounwind

]]></Node>
<StgValue><ssdm name="write_ln48"/></StgValue>
</operation>

<operation id="52" st_id="5" stage="1" lat="1">
<core>NULL</core>
<MemPortIdVec></MemPortIdVec>
<condition id="-1">
<or_exp><and_exp></and_exp></or_exp>
</condition>

<Node id="63" bw="0" op_0_bw="0" op_1_bw="32" op_2_bw="32">
<![CDATA[
_ifconv:46  call void @_ssdm_op_Write.ap_auto.i32P(i32* %o2, i32 %op14) nounwind

]]></Node>
<StgValue><ssdm name="write_ln50"/></StgValue>
</operation>

<operation id="53" st_id="5" stage="1" lat="1">
<core>NULL</core>
<MemPortIdVec></MemPortIdVec>
<condition id="-1">
<or_exp><and_exp></and_exp></or_exp>
</condition>

<Node id="64" bw="32" op_0_bw="32" op_1_bw="32">
<![CDATA[
_ifconv:47  %o3_read = call i32 @_ssdm_op_Read.ap_auto.i32P(i32* %o3) nounwind

]]></Node>
<StgValue><ssdm name="o3_read"/></StgValue>
</operation>

<operation id="54" st_id="5" stage="1" lat="1">
<core>NULL</core>
<MemPortIdVec></MemPortIdVec>
<condition id="-1">
<or_exp><and_exp></and_exp></or_exp>
</condition>

<Node id="65" bw="32" op_0_bw="32" op_1_bw="32">
<![CDATA[
_ifconv:48  %o4_read = call i32 @_ssdm_op_Read.ap_auto.i32P(i32* %o4) nounwind

]]></Node>
<StgValue><ssdm name="o4_read"/></StgValue>
</operation>

<operation id="55" st_id="5" stage="1" lat="1">
<core>TAddSub</core>
<MemPortIdVec></MemPortIdVec>
<condition id="-1">
<or_exp><and_exp></and_exp></or_exp>
</condition>

<Node id="66" bw="32" op_0_bw="32" op_1_bw="32">
<![CDATA[
_ifconv:49  %add_ln52 = add i32 %o3_read, %o4_read

]]></Node>
<StgValue><ssdm name="add_ln52"/></StgValue>
</operation>

<operation id="56" st_id="5" stage="1" lat="1">
<core>AddSub</core>
<MemPortIdVec></MemPortIdVec>
<condition id="-1">
<or_exp><and_exp></and_exp></or_exp>
</condition>

<Node id="67" bw="32" op_0_bw="32" op_1_bw="32">
<![CDATA[
_ifconv:50  %add_ln52_1 = add i32 %op13, %op14

]]></Node>
<StgValue><ssdm name="add_ln52_1"/></StgValue>
</operation>

<operation id="57" st_id="5" stage="1" lat="1">
<core>TAddSub</core>
<MemPortIdVec></MemPortIdVec>
<condition id="-1">
<or_exp><and_exp></and_exp></or_exp>
</condition>

<Node id="68" bw="32" op_0_bw="32" op_1_bw="32">
<![CDATA[
_ifconv:51  %add_ln52_2 = add i32 %add_ln52_1, %add_ln52

]]></Node>
<StgValue><ssdm name="add_ln52_2"/></StgValue>
</operation>

<operation id="58" st_id="5" stage="1" lat="1">
<core>NULL</core>
<MemPortIdVec></MemPortIdVec>
<condition id="-1">
<or_exp><and_exp></and_exp></or_exp>
</condition>

<Node id="69" bw="0" op_0_bw="0" op_1_bw="32" op_2_bw="32">
<![CDATA[
_ifconv:52  call void @_ssdm_op_Write.ap_auto.i32P(i32* %ap_return1, i32 %add_ln52_2) nounwind

]]></Node>
<StgValue><ssdm name="write_ln52"/></StgValue>
</operation>

<operation id="59" st_id="5" stage="1" lat="1">
<core>NULL</core>
<MemPortIdVec></MemPortIdVec>
<condition id="-1">
<or_exp><and_exp></and_exp></or_exp>
</condition>

<Node id="70" bw="0">
<![CDATA[
_ifconv:53  ret void

]]></Node>
<StgValue><ssdm name="ret_ln53"/></StgValue>
</operation>
</state>
</state_list>


<ports>
<port id="64" name="i1" dir="0" iftype="0">
<core>NULL</core><StgValue><ssdm name="i1"/></StgValue>
</port>
<port id="65" name="i2" dir="0" iftype="0">
<core>NULL</core><StgValue><ssdm name="i2"/></StgValue>
</port>
<port id="66" name="i3" dir="0" iftype="0">
<core>NULL</core><StgValue><ssdm name="i3"/></StgValue>
</port>
<port id="67" name="i4" dir="0" iftype="0">
<core>NULL</core><StgValue><ssdm name="i4"/></StgValue>
</port>
<port id="68" name="i6" dir="0" iftype="0">
<core>NULL</core><StgValue><ssdm name="i6"/></StgValue>
</port>
<port id="69" name="o1" dir="1" iftype="0">
<core>NULL</core><StgValue><ssdm name="o1"/></StgValue>
</port>
<port id="70" name="o2" dir="1" iftype="0">
<core>NULL</core><StgValue><ssdm name="o2"/></StgValue>
</port>
<port id="71" name="o3" dir="0" iftype="0">
<core>NULL</core><StgValue><ssdm name="o3"/></StgValue>
</port>
<port id="72" name="o4" dir="0" iftype="0">
<core>NULL</core><StgValue><ssdm name="o4"/></StgValue>
</port>
<port id="73" name="G1" dir="0" iftype="0">
<core>NULL</core><StgValue><ssdm name="G1"/></StgValue>
</port>
<port id="74" name="G2" dir="0" iftype="0">
<core>NULL</core><StgValue><ssdm name="G2"/></StgValue>
</port>
<port id="75" name="G3" dir="0" iftype="0">
<core>NULL</core><StgValue><ssdm name="G3"/></StgValue>
</port>
<port id="76" name="G4" dir="0" iftype="0">
<core>NULL</core><StgValue><ssdm name="G4"/></StgValue>
</port>
<port id="77" name="GG1" dir="0" iftype="0">
<core>NULL</core><StgValue><ssdm name="GG1"/></StgValue>
</port>
<port id="78" name="GG2" dir="0" iftype="0">
<core>NULL</core><StgValue><ssdm name="GG2"/></StgValue>
</port>
<port id="79" name="ap_return1" dir="1" iftype="0">
<core>NULL</core><StgValue><ssdm name="ap_return1"/></StgValue>
</port>
</ports>


<dataflows>
<dataflow id="81" from="_ssdm_op_Read.ap_auto.i32" to="G2_read" fromId="80" toId="6">
</dataflow>
<dataflow id="82" from="G2" to="G2_read" fromId="74" toId="6">
</dataflow>
<dataflow id="83" from="_ssdm_op_Read.ap_auto.i32" to="G1_read" fromId="80" toId="7">
</dataflow>
<dataflow id="84" from="G1" to="G1_read" fromId="73" toId="7">
</dataflow>
<dataflow id="85" from="_ssdm_op_Read.ap_auto.i32" to="i4_read" fromId="80" toId="8">
</dataflow>
<dataflow id="86" from="i4" to="i4_read" fromId="67" toId="8">
</dataflow>
<dataflow id="87" from="_ssdm_op_Read.ap_auto.i32" to="i3_read" fromId="80" toId="9">
</dataflow>
<dataflow id="88" from="i3" to="i3_read" fromId="66" toId="9">
</dataflow>
<dataflow id="89" from="_ssdm_op_Read.ap_auto.i32" to="i1_read" fromId="80" toId="10">
</dataflow>
<dataflow id="90" from="i1" to="i1_read" fromId="64" toId="10">
</dataflow>
<dataflow id="91" from="G2_read" to="op4" fromId="6" toId="11">
</dataflow>
<dataflow id="92" from="i1_read" to="op4" fromId="10" toId="11">
</dataflow>
<dataflow id="93" from="G1_read" to="op5" fromId="7" toId="12">
</dataflow>
<dataflow id="94" from="i3_read" to="op5" fromId="9" toId="12">
</dataflow>
<dataflow id="95" from="i4_read" to="op5_2" fromId="8" toId="13">
</dataflow>
<dataflow id="96" from="i3_read" to="op5_2" fromId="9" toId="13">
</dataflow>
<dataflow id="97" from="_ssdm_op_Read.ap_auto.i32" to="GG1_read" fromId="80" toId="14">
</dataflow>
<dataflow id="98" from="GG1" to="GG1_read" fromId="77" toId="14">
</dataflow>
<dataflow id="99" from="G1_read" to="icmp_ln16" fromId="7" toId="15">
</dataflow>
<dataflow id="101" from="StgValue_100" to="icmp_ln16" fromId="100" toId="15">
</dataflow>
<dataflow id="102" from="op5" to="op5_1" fromId="12" toId="16">
</dataflow>
<dataflow id="103" from="GG1_read" to="op5_1" fromId="14" toId="16">
</dataflow>
<dataflow id="104" from="icmp_ln16" to="op5_3" fromId="15" toId="17">
</dataflow>
<dataflow id="105" from="op5_1" to="op5_3" fromId="16" toId="17">
</dataflow>
<dataflow id="106" from="op5_2" to="op5_3" fromId="13" toId="17">
</dataflow>
<dataflow id="107" from="op5_3" to="icmp_ln27" fromId="17" toId="18">
</dataflow>
<dataflow id="108" from="op4" to="icmp_ln27" fromId="11" toId="18">
</dataflow>
<dataflow id="109" from="_ssdm_op_Read.ap_auto.i32" to="i2_read" fromId="80" toId="19">
</dataflow>
<dataflow id="110" from="i2" to="i2_read" fromId="65" toId="19">
</dataflow>
<dataflow id="111" from="G1_read" to="op3" fromId="7" toId="20">
</dataflow>
<dataflow id="112" from="i2_read" to="op3" fromId="19" toId="20">
</dataflow>
<dataflow id="113" from="G2_read" to="op6_3" fromId="6" toId="21">
</dataflow>
<dataflow id="114" from="i4_read" to="op6_3" fromId="8" toId="21">
</dataflow>
<dataflow id="115" from="G1_read" to="op7" fromId="7" toId="22">
</dataflow>
<dataflow id="116" from="i4_read" to="op7" fromId="8" toId="22">
</dataflow>
<dataflow id="117" from="G2_read" to="op8" fromId="6" toId="23">
</dataflow>
<dataflow id="118" from="i3_read" to="op8" fromId="9" toId="23">
</dataflow>
<dataflow id="119" from="_ssdm_op_Read.ap_auto.i32" to="i6_read" fromId="80" toId="24">
</dataflow>
<dataflow id="120" from="i6" to="i6_read" fromId="68" toId="24">
</dataflow>
<dataflow id="121" from="op5_1" to="op6" fromId="16" toId="25">
</dataflow>
<dataflow id="122" from="op4" to="op6" fromId="11" toId="25">
</dataflow>
<dataflow id="123" from="op5_2" to="op6_1" fromId="13" toId="26">
</dataflow>
<dataflow id="124" from="op3" to="op6_1" fromId="20" toId="26">
</dataflow>
<dataflow id="125" from="icmp_ln16" to="op6_2" fromId="15" toId="27">
</dataflow>
<dataflow id="126" from="op6" to="op6_2" fromId="25" toId="27">
</dataflow>
<dataflow id="127" from="op6_1" to="op6_2" fromId="26" toId="27">
</dataflow>
<dataflow id="128" from="op6_3" to="op6_4" fromId="21" toId="28">
</dataflow>
<dataflow id="129" from="i3_read" to="op6_4" fromId="9" toId="28">
</dataflow>
<dataflow id="130" from="icmp_ln27" to="op6_5" fromId="18" toId="29">
</dataflow>
<dataflow id="131" from="op6_4" to="op6_5" fromId="28" toId="29">
</dataflow>
<dataflow id="132" from="op6_2" to="op6_5" fromId="27" toId="29">
</dataflow>
<dataflow id="133" from="op6_5" to="add_ln47" fromId="29" toId="30">
</dataflow>
<dataflow id="134" from="G1_read" to="add_ln47" fromId="7" toId="30">
</dataflow>
<dataflow id="135" from="add_ln47" to="op13" fromId="30" toId="31">
</dataflow>
<dataflow id="136" from="op4" to="op13" fromId="11" toId="31">
</dataflow>
<dataflow id="137" from="op8" to="add_ln49" fromId="23" toId="32">
</dataflow>
<dataflow id="138" from="i6_read" to="add_ln49" fromId="24" toId="32">
</dataflow>
<dataflow id="139" from="add_ln49" to="op14" fromId="32" toId="33">
</dataflow>
<dataflow id="140" from="op7" to="op14" fromId="22" toId="33">
</dataflow>
<dataflow id="142" from="_ssdm_op_SpecBitsMap" to="specbitsmap_ln0" fromId="141" toId="34">
</dataflow>
<dataflow id="143" from="i1" to="specbitsmap_ln0" fromId="64" toId="34">
</dataflow>
<dataflow id="144" from="_ssdm_op_SpecBitsMap" to="specbitsmap_ln0" fromId="141" toId="35">
</dataflow>
<dataflow id="145" from="i2" to="specbitsmap_ln0" fromId="65" toId="35">
</dataflow>
<dataflow id="146" from="_ssdm_op_SpecBitsMap" to="specbitsmap_ln0" fromId="141" toId="36">
</dataflow>
<dataflow id="147" from="i3" to="specbitsmap_ln0" fromId="66" toId="36">
</dataflow>
<dataflow id="148" from="_ssdm_op_SpecBitsMap" to="specbitsmap_ln0" fromId="141" toId="37">
</dataflow>
<dataflow id="149" from="i4" to="specbitsmap_ln0" fromId="67" toId="37">
</dataflow>
<dataflow id="150" from="_ssdm_op_SpecBitsMap" to="specbitsmap_ln0" fromId="141" toId="38">
</dataflow>
<dataflow id="151" from="i6" to="specbitsmap_ln0" fromId="68" toId="38">
</dataflow>
<dataflow id="152" from="_ssdm_op_SpecBitsMap" to="specbitsmap_ln0" fromId="141" toId="39">
</dataflow>
<dataflow id="153" from="o1" to="specbitsmap_ln0" fromId="69" toId="39">
</dataflow>
<dataflow id="154" from="_ssdm_op_SpecBitsMap" to="specbitsmap_ln0" fromId="141" toId="40">
</dataflow>
<dataflow id="155" from="o2" to="specbitsmap_ln0" fromId="70" toId="40">
</dataflow>
<dataflow id="156" from="_ssdm_op_SpecBitsMap" to="specbitsmap_ln0" fromId="141" toId="41">
</dataflow>
<dataflow id="157" from="o3" to="specbitsmap_ln0" fromId="71" toId="41">
</dataflow>
<dataflow id="158" from="_ssdm_op_SpecBitsMap" to="specbitsmap_ln0" fromId="141" toId="42">
</dataflow>
<dataflow id="159" from="o4" to="specbitsmap_ln0" fromId="72" toId="42">
</dataflow>
<dataflow id="160" from="_ssdm_op_SpecBitsMap" to="specbitsmap_ln0" fromId="141" toId="43">
</dataflow>
<dataflow id="161" from="G1" to="specbitsmap_ln0" fromId="73" toId="43">
</dataflow>
<dataflow id="162" from="_ssdm_op_SpecBitsMap" to="specbitsmap_ln0" fromId="141" toId="44">
</dataflow>
<dataflow id="163" from="G2" to="specbitsmap_ln0" fromId="74" toId="44">
</dataflow>
<dataflow id="164" from="_ssdm_op_SpecBitsMap" to="specbitsmap_ln0" fromId="141" toId="45">
</dataflow>
<dataflow id="165" from="G3" to="specbitsmap_ln0" fromId="75" toId="45">
</dataflow>
<dataflow id="166" from="_ssdm_op_SpecBitsMap" to="specbitsmap_ln0" fromId="141" toId="46">
</dataflow>
<dataflow id="167" from="G4" to="specbitsmap_ln0" fromId="76" toId="46">
</dataflow>
<dataflow id="168" from="_ssdm_op_SpecBitsMap" to="specbitsmap_ln0" fromId="141" toId="47">
</dataflow>
<dataflow id="169" from="GG1" to="specbitsmap_ln0" fromId="77" toId="47">
</dataflow>
<dataflow id="170" from="_ssdm_op_SpecBitsMap" to="specbitsmap_ln0" fromId="141" toId="48">
</dataflow>
<dataflow id="171" from="GG2" to="specbitsmap_ln0" fromId="78" toId="48">
</dataflow>
<dataflow id="172" from="_ssdm_op_SpecBitsMap" to="specbitsmap_ln0" fromId="141" toId="49">
</dataflow>
<dataflow id="173" from="ap_return1" to="specbitsmap_ln0" fromId="79" toId="49">
</dataflow>
<dataflow id="175" from="_ssdm_op_SpecTopModule" to="spectopmodule_ln0" fromId="174" toId="50">
</dataflow>
<dataflow id="177" from="hls_macc_str" to="spectopmodule_ln0" fromId="176" toId="50">
</dataflow>
<dataflow id="179" from="_ssdm_op_Write.ap_auto.i32P" to="write_ln48" fromId="178" toId="51">
</dataflow>
<dataflow id="180" from="o1" to="write_ln48" fromId="69" toId="51">
</dataflow>
<dataflow id="181" from="op13" to="write_ln48" fromId="31" toId="51">
</dataflow>
<dataflow id="182" from="_ssdm_op_Write.ap_auto.i32P" to="write_ln50" fromId="178" toId="52">
</dataflow>
<dataflow id="183" from="o2" to="write_ln50" fromId="70" toId="52">
</dataflow>
<dataflow id="184" from="op14" to="write_ln50" fromId="33" toId="52">
</dataflow>
<dataflow id="186" from="_ssdm_op_Read.ap_auto.i32P" to="o3_read" fromId="185" toId="53">
</dataflow>
<dataflow id="187" from="o3" to="o3_read" fromId="71" toId="53">
</dataflow>
<dataflow id="188" from="_ssdm_op_Read.ap_auto.i32P" to="o4_read" fromId="185" toId="54">
</dataflow>
<dataflow id="189" from="o4" to="o4_read" fromId="72" toId="54">
</dataflow>
<dataflow id="190" from="o3_read" to="add_ln52" fromId="53" toId="55">
</dataflow>
<dataflow id="191" from="o4_read" to="add_ln52" fromId="54" toId="55">
</dataflow>
<dataflow id="192" from="op13" to="add_ln52_1" fromId="31" toId="56">
</dataflow>
<dataflow id="193" from="op14" to="add_ln52_1" fromId="33" toId="56">
</dataflow>
<dataflow id="194" from="add_ln52_1" to="add_ln52_2" fromId="56" toId="57">
</dataflow>
<dataflow id="195" from="add_ln52" to="add_ln52_2" fromId="55" toId="57">
</dataflow>
<dataflow id="196" from="_ssdm_op_Write.ap_auto.i32P" to="write_ln52" fromId="178" toId="58">
</dataflow>
<dataflow id="197" from="ap_return1" to="write_ln52" fromId="79" toId="58">
</dataflow>
<dataflow id="198" from="add_ln52_2" to="write_ln52" fromId="57" toId="58">
</dataflow>
<dataflow id="199" from="icmp_ln16" to="StgValue_3" fromId="15" toId="3">
</dataflow>
<dataflow id="200" from="icmp_ln27" to="StgValue_3" fromId="18" toId="3">
</dataflow>
<dataflow id="201" from="icmp_ln16" to="StgValue_4" fromId="15" toId="4">
</dataflow>
<dataflow id="202" from="icmp_ln27" to="StgValue_4" fromId="18" toId="4">
</dataflow>
</dataflows>


</stg>
