<annotationInfo>
<annotationInfo>
<item  id="42" filename="no_constant.c" linenumber="14" name="op3" contextFuncName="hls_macc" moduleName="hls_macc" rtlName="op3_fu_167_p2" latency="0" BRAM="-1" DSP="3" FF="0" LUT="20" fileDirectory="C:\Users\vivek\Music\no_constant"><\/item>
<item  id="43" filename="no_constant.c" linenumber="15" name="op4" contextFuncName="hls_macc" moduleName="hls_macc" rtlName="op4_fu_127_p2" latency="0" BRAM="-1" DSP="3" FF="0" LUT="20" fileDirectory="C:\Users\vivek\Music\no_constant"><\/item>
<item  id="44" filename="no_constant.c" linenumber="16" name="icmp_ln16" contextFuncName="hls_macc" moduleName="hls_macc" rtlName="icmp_ln16_fu_145_p2" latency="0" BRAM="-1" DSP="-1" FF="0" LUT="18" fileDirectory="C:\Users\vivek\Music\no_constant"><\/item>
<item  id="45" filename="no_constant.c" linenumber="18" name="op5" contextFuncName="hls_macc" moduleName="hls_macc" rtlName="op5_fu_133_p2" latency="0" BRAM="-1" DSP="3" FF="0" LUT="20" fileDirectory="C:\Users\vivek\Music\no_constant"><\/item>
<item  id="46" filename="no_constant.c" linenumber="19" name="op5_1" contextFuncName="hls_macc" moduleName="hls_macc" rtlName="op5_1_fu_150_p2" latency="0" BRAM="-1" DSP="-1" FF="0" LUT="39" fileDirectory="C:\Users\vivek\Music\no_constant"><\/item>
<item  id="47" filename="no_constant.c" linenumber="20" name="op6" contextFuncName="hls_macc" moduleName="hls_macc" rtlName="op6_fu_184_p2" latency="0" BRAM="-1" DSP="-1" FF="0" LUT="39" fileDirectory="C:\Users\vivek\Music\no_constant"><\/item>
<item  id="48" filename="no_constant.c" linenumber="24" name="op5_2" contextFuncName="hls_macc" moduleName="hls_macc" rtlName="op5_2_fu_139_p2" latency="0" BRAM="-1" DSP="3" FF="0" LUT="20" fileDirectory="C:\Users\vivek\Music\no_constant"><\/item>
<item  id="49" filename="no_constant.c" linenumber="25" name="op6_1" contextFuncName="hls_macc" moduleName="hls_macc" rtlName="op6_1_fu_188_p2" latency="0" BRAM="-1" DSP="-1" FF="0" LUT="39" fileDirectory="C:\Users\vivek\Music\no_constant"><\/item>
<item  id="50" filename="no_constant.c" linenumber="16" name="op5_3" contextFuncName="hls_macc" moduleName="hls_macc" rtlName="op5_3_fu_155_p3" latency="0" BRAM="-1" DSP="-1" FF="0" LUT="32" fileDirectory="C:\Users\vivek\Music\no_constant"><\/item>
<item  id="51" filename="no_constant.c" linenumber="16" name="op6_2" contextFuncName="hls_macc" moduleName="hls_macc" rtlName="op6_2_fu_192_p3" latency="0" BRAM="-1" DSP="-1" FF="0" LUT="32" fileDirectory="C:\Users\vivek\Music\no_constant"><\/item>
<item  id="52" filename="no_constant.c" linenumber="27" name="icmp_ln27" contextFuncName="hls_macc" moduleName="hls_macc" rtlName="icmp_ln27_fu_162_p2" latency="0" BRAM="-1" DSP="-1" FF="0" LUT="18" fileDirectory="C:\Users\vivek\Music\no_constant"><\/item>
<item  id="53" filename="no_constant.c" linenumber="29" name="op6_3" contextFuncName="hls_macc" moduleName="hls_macc" rtlName="op6_3_fu_172_p2" latency="0" BRAM="-1" DSP="3" FF="0" LUT="20" fileDirectory="C:\Users\vivek\Music\no_constant"><\/item>
<item  id="54" filename="no_constant.c" linenumber="30" name="op6_4" contextFuncName="hls_macc" moduleName="hls_macc" rtlName="op6_4_fu_199_p2" latency="0" BRAM="-1" DSP="-1" FF="0" LUT="39" fileDirectory="C:\Users\vivek\Music\no_constant"><\/item>
<item  id="55" filename="no_constant.c" linenumber="27" name="op6_5" contextFuncName="hls_macc" moduleName="hls_macc" rtlName="op6_5_fu_203_p3" latency="0" BRAM="-1" DSP="-1" FF="0" LUT="32" fileDirectory="C:\Users\vivek\Music\no_constant"><\/item>
<item  id="56" filename="no_constant.c" linenumber="39" name="op7" contextFuncName="hls_macc" moduleName="hls_macc" rtlName="op7_fu_176_p2" latency="0" BRAM="-1" DSP="3" FF="0" LUT="20" fileDirectory="C:\Users\vivek\Music\no_constant"><\/item>
<item  id="57" filename="no_constant.c" linenumber="40" name="op8" contextFuncName="hls_macc" moduleName="hls_macc" rtlName="op8_fu_180_p2" latency="0" BRAM="-1" DSP="3" FF="0" LUT="20" fileDirectory="C:\Users\vivek\Music\no_constant"><\/item>
<item  id="58" filename="no_constant.c" linenumber="47" name="add_ln47" contextFuncName="hls_macc" moduleName="hls_macc" rtlName="add_ln47_fu_210_p2" latency="0" BRAM="-1" DSP="-1" FF="0" LUT="32" fileDirectory="C:\Users\vivek\Music\no_constant"><\/item>
<item  id="59" filename="no_constant.c" linenumber="47" name="op13" contextFuncName="hls_macc" moduleName="hls_macc" rtlName="op13_fu_215_p2" latency="0" BRAM="-1" DSP="-1" FF="0" LUT="32" fileDirectory="C:\Users\vivek\Music\no_constant"><\/item>
<item  id="61" filename="no_constant.c" linenumber="49" name="add_ln49" contextFuncName="hls_macc" moduleName="hls_macc" rtlName="add_ln49_fu_220_p2" latency="0" BRAM="-1" DSP="-1" FF="0" LUT="32" fileDirectory="C:\Users\vivek\Music\no_constant"><\/item>
<item  id="62" filename="no_constant.c" linenumber="49" name="op14" contextFuncName="hls_macc" moduleName="hls_macc" rtlName="op14_fu_225_p2" latency="0" BRAM="-1" DSP="-1" FF="0" LUT="32" fileDirectory="C:\Users\vivek\Music\no_constant"><\/item>
<item  id="66" filename="no_constant.c" linenumber="52" name="add_ln52" contextFuncName="hls_macc" moduleName="hls_macc" rtlName="add_ln52_fu_230_p2" latency="0" BRAM="-1" DSP="-1" FF="0" LUT="32" fileDirectory="C:\Users\vivek\Music\no_constant"><\/item>
<item  id="67" filename="no_constant.c" linenumber="52" name="add_ln52_1" contextFuncName="hls_macc" moduleName="hls_macc" rtlName="add_ln52_1_fu_236_p2" latency="0" BRAM="-1" DSP="-1" FF="0" LUT="39" fileDirectory="C:\Users\vivek\Music\no_constant"><\/item>
<item  id="68" filename="no_constant.c" linenumber="52" name="add_ln52_2" contextFuncName="hls_macc" moduleName="hls_macc" rtlName="ap_return1" latency="0" BRAM="-1" DSP="-1" FF="0" LUT="32" fileDirectory="C:\Users\vivek\Music\no_constant"><\/item>
<\/annotationInfo>
</annotationInfo>
