<profile>

<section name = "Vivado HLS Report for 'hls_macc'" level="0">
<item name = "Date">Wed Jan  6 12:39:07 2021
</item>
<item name = "Version">2019.2 (Build 2704478 on Wed Nov 06 22:10:23 MST 2019)</item>
<item name = "Project">no_consant</item>
<item name = "Solution">solution1</item>
<item name = "Product family">zynq</item>
<item name = "Target device">xc7z020-clg484-1</item>
</section>

<section name = "Performance Estimates" level="0">
<item name = "Timing">
<section name = "" level="1">
<item name = "Summary"><table name="" hasTotal="0">
<keys size="4">Clock, Target, Estimated, Uncertainty</keys>
<column name="ap_clk">10.00 ns, 8.510 ns, 1.25 ns</column>
</table>
</item>
</section>
</item>
<item name = "Latency">
<section name = "" level="1">
<item name = "Summary"><table name="" hasTotal="0">
<keys size="8">, min, max, min, max, min, max, Type</keys>
<column name="">4, 4, 40.000 ns, 40.000 ns, 4, 4, none</column>
</table>
</item>
<item name = "Detail">
<section name = "" level="1">
<item name = "Instance"><table name="" hasTotal="0">
<keys size="9">Instance, Module, min, max, min, max, min, max, Type</keys>
</table>
</item>
<item name = "Loop"><table name="" hasTotal="0">
<keys size="8">Loop Name, min, max, Latency, achieved, target, Count, Pipelined</keys>
</table>
</item>
</section>
</item>
</section>
</item>
</section>

<section name = "Utilization Estimates" level="0">
<item name = "Summary"><table name="" hasTotal="1">
<keys size="6">Name, BRAM_18K, DSP48E, FF, LUT, URAM</keys>
<column name="DSP">-, -, -, -, -</column>
<column name="Expression">-, 21, 0, 659, -</column>
<column name="FIFO">-, -, -, -, -</column>
<column name="Instance">-, -, -, -, -</column>
<column name="Memory">-, -, -, -, -</column>
<column name="Multiplexer">-, -, -, 33, -</column>
<column name="Register">-, -, 327, -, -</column>
<specialColumn name="Available">280, 220, 106400, 53200, 0</specialColumn>
<specialColumn name="Utilization (%)">0, 9, ~0, 1, 0</specialColumn>
</table>
</item>
<item name = "Detail">
<section name = "" level="1">
<item name = "Instance"><table name="" hasTotal="1">
<keys size="7">Instance, Module, BRAM_18K, DSP48E, FF, LUT, URAM</keys>
</table>
</item>
<item name = "DSP48E"><table name="" hasTotal="0">
<keys size="3">Instance, Module, Expression</keys>
</table>
</item>
<item name = "Memory"><table name="" hasTotal="1">
<keys size="10">Memory, Module, BRAM_18K, FF, LUT, URAM, Words, Bits, Banks, W*Bits*Banks</keys>
</table>
</item>
<item name = "FIFO"><table name="" hasTotal="1">
<keys size="8">Name, BRAM_18K, FF, LUT, URAM, Depth, Bits, Size:D*B</keys>
</table>
</item>
<item name = "Expression"><table name="" hasTotal="1">
<keys size="7">Variable Name, Operation, DSP48E, FF, LUT, Bitwidth P0, Bitwidth P1</keys>
<column name="op3_fu_167_p2">*, 3, 0, 20, 32, 32</column>
<column name="op4_fu_127_p2">*, 3, 0, 20, 32, 32</column>
<column name="op5_2_fu_139_p2">*, 3, 0, 20, 32, 32</column>
<column name="op5_fu_133_p2">*, 3, 0, 20, 32, 32</column>
<column name="op6_3_fu_172_p2">*, 3, 0, 20, 32, 32</column>
<column name="op7_fu_176_p2">*, 3, 0, 20, 32, 32</column>
<column name="op8_fu_180_p2">*, 3, 0, 20, 32, 32</column>
<column name="add_ln47_fu_210_p2">+, 0, 0, 32, 32, 32</column>
<column name="add_ln49_fu_220_p2">+, 0, 0, 32, 32, 32</column>
<column name="add_ln52_1_fu_236_p2">+, 0, 0, 39, 32, 32</column>
<column name="add_ln52_fu_230_p2">+, 0, 0, 32, 32, 32</column>
<column name="ap_return1">+, 0, 0, 32, 32, 32</column>
<column name="op13_fu_215_p2">+, 0, 0, 32, 32, 32</column>
<column name="op14_fu_225_p2">+, 0, 0, 32, 32, 32</column>
<column name="op5_1_fu_150_p2">+, 0, 0, 39, 32, 32</column>
<column name="op6_1_fu_188_p2">-, 0, 0, 39, 32, 32</column>
<column name="op6_4_fu_199_p2">-, 0, 0, 39, 32, 32</column>
<column name="op6_fu_184_p2">-, 0, 0, 39, 32, 32</column>
<column name="icmp_ln16_fu_145_p2">icmp, 0, 0, 18, 32, 4</column>
<column name="icmp_ln27_fu_162_p2">icmp, 0, 0, 18, 32, 32</column>
<column name="op5_3_fu_155_p3">select, 0, 0, 32, 1, 32</column>
<column name="op6_2_fu_192_p3">select, 0, 0, 32, 1, 32</column>
<column name="op6_5_fu_203_p3">select, 0, 0, 32, 1, 32</column>
</table>
</item>
<item name = "Multiplexer"><table name="" hasTotal="1">
<keys size="5">Name, LUT, Input Size, Bits, Total Bits</keys>
<column name="ap_NS_fsm">33, 6, 1, 6</column>
</table>
</item>
<item name = "Register"><table name="" hasTotal="1">
<keys size="5">Name, FF, LUT, Bits, Const Bits</keys>
<column name="ap_CS_fsm">5, 0, 5, 0</column>
<column name="icmp_ln16_reg_291">1, 0, 1, 0</column>
<column name="icmp_ln27_reg_301">1, 0, 1, 0</column>
<column name="op13_reg_326">32, 0, 32, 0</column>
<column name="op14_reg_332">32, 0, 32, 0</column>
<column name="op3_reg_306">32, 0, 32, 0</column>
<column name="op4_reg_273">32, 0, 32, 0</column>
<column name="op5_1_reg_296">32, 0, 32, 0</column>
<column name="op5_2_reg_285">32, 0, 32, 0</column>
<column name="op5_reg_280">32, 0, 32, 0</column>
<column name="op6_3_reg_311">32, 0, 32, 0</column>
<column name="op7_reg_316">32, 0, 32, 0</column>
<column name="op8_reg_321">32, 0, 32, 0</column>
</table>
</item>
</section>
</item>
</section>

<section name = "Interface" level="0">
<item name = "Summary"><table name="" hasTotal="0">
<keys size="6">RTL Ports, Dir, Bits, Protocol, Source Object, C Type</keys>
<column name="ap_clk">in, 1, ap_ctrl_hs, hls_macc, return value</column>
<column name="ap_rst">in, 1, ap_ctrl_hs, hls_macc, return value</column>
<column name="ap_start">in, 1, ap_ctrl_hs, hls_macc, return value</column>
<column name="ap_done">out, 1, ap_ctrl_hs, hls_macc, return value</column>
<column name="ap_idle">out, 1, ap_ctrl_hs, hls_macc, return value</column>
<column name="ap_ready">out, 1, ap_ctrl_hs, hls_macc, return value</column>
<column name="i1">in, 32, ap_none, i1, scalar</column>
<column name="i2">in, 32, ap_none, i2, scalar</column>
<column name="i3">in, 32, ap_none, i3, scalar</column>
<column name="i4">in, 32, ap_none, i4, scalar</column>
<column name="i6">in, 32, ap_none, i6, scalar</column>
<column name="o1">out, 32, ap_vld, o1, pointer</column>
<column name="o1_ap_vld">out, 1, ap_vld, o1, pointer</column>
<column name="o2">out, 32, ap_vld, o2, pointer</column>
<column name="o2_ap_vld">out, 1, ap_vld, o2, pointer</column>
<column name="o3">in, 32, ap_none, o3, pointer</column>
<column name="o4">in, 32, ap_none, o4, pointer</column>
<column name="G1">in, 32, ap_none, G1, scalar</column>
<column name="G2">in, 32, ap_none, G2, scalar</column>
<column name="G3">in, 32, ap_none, G3, scalar</column>
<column name="G4">in, 32, ap_none, G4, scalar</column>
<column name="GG1">in, 32, ap_none, GG1, scalar</column>
<column name="GG2">in, 32, ap_none, GG2, scalar</column>
<column name="ap_return1">out, 32, ap_vld, ap_return1, pointer</column>
<column name="ap_return1_ap_vld">out, 1, ap_vld, ap_return1, pointer</column>
</table>
</item>
</section>
</profile>
