{
  "Top": "hls_macc",
  "RtlTop": "hls_macc",
  "RtlPrefix": "",
  "SourceLanguage": "c",
  "ResetStyle": "control",
  "GenerateBdFiles": "0",
  "HostMachineBits": "64",
  "Target": {
    "Family": "zynq",
    "Device": "xc7z020",
    "Package": "-clg484",
    "Speed": "-1"
  },
  "HlsSolution": {
    
  },
  "Args": {
    "in1": {
      "index": "0",
      "type": {
        "dataType": "int",
        "dataWidth": "32",
        "interfaceRef": "in1"
      }
    },
    "in2": {
      "index": "1",
      "type": {
        "dataType": "int",
        "dataWidth": "32",
        "interfaceRef": "in2"
      }
    },
    "in3": {
      "index": "2",
      "type": {
        "dataType": "int",
        "dataWidth": "32",
        "interfaceRef": "in3"
      }
    },
    "in4": {
      "index": "3",
      "type": {
        "dataType": "int",
        "dataWidth": "32",
        "interfaceRef": "in4"
      }
    },
    "in7": {
      "index": "4",
      "type": {
        "dataType": "int",
        "dataWidth": "32",
        "interfaceRef": "in7"
      }
    },
    "in8": {
      "index": "5",
      "type": {
        "dataType": "int",
        "dataWidth": "32",
        "interfaceRef": "in8"
      }
    },
    "in9": {
      "index": "6",
      "type": {
        "dataType": "int",
        "dataWidth": "32",
        "interfaceRef": "in9"
      }
    },
    "in10": {
      "index": "7",
      "type": {
        "dataType": "int",
        "dataWidth": "32",
        "interfaceRef": "in10"
      }
    },
    "in14": {
      "index": "8",
      "type": {
        "dataType": "int",
        "dataWidth": "32",
        "interfaceRef": "in14"
      }
    },
    "in12": {
      "index": "9",
      "type": {
        "dataType": "int",
        "dataWidth": "32",
        "interfaceRef": "in12"
      }
    },
    "in15": {
      "index": "10",
      "type": {
        "dataType": "int",
        "dataWidth": "32",
        "interfaceRef": "in15"
      }
    },
    "in17": {
      "index": "11",
      "type": {
        "dataType": "int",
        "dataWidth": "32",
        "interfaceRef": "in17"
      }
    },
    "in19": {
      "index": "12",
      "type": {
        "dataType": "int",
        "dataWidth": "32",
        "interfaceRef": "in19"
      }
    },
    "in20": {
      "index": "13",
      "type": {
        "dataType": "int",
        "dataWidth": "32",
        "interfaceRef": "in20"
      }
    },
    "in22": {
      "index": "14",
      "type": {
        "dataType": "int",
        "dataWidth": "32",
        "interfaceRef": "in22"
      }
    },
    "in24": {
      "index": "15",
      "type": {
        "dataType": "int",
        "dataWidth": "32",
        "interfaceRef": "in24"
      }
    },
    "in27": {
      "index": "16",
      "type": {
        "dataType": "int",
        "dataWidth": "32",
        "interfaceRef": "in27"
      }
    },
    "in28": {
      "index": "17",
      "type": {
        "dataType": "int",
        "dataWidth": "32",
        "interfaceRef": "in28"
      }
    },
    "in29": {
      "index": "18",
      "type": {
        "dataType": "int",
        "dataWidth": "32",
        "interfaceRef": "in29"
      }
    },
    "in32": {
      "index": "19",
      "type": {
        "dataType": "int",
        "dataWidth": "32",
        "interfaceRef": "in32"
      }
    },
    "out13": {
      "index": "20",
      "type": {
        "kinds": ["pointer"],
        "dataType": "int",
        "dataWidth": "32",
        "interfaceRef": "out13"
      }
    },
    "out30": {
      "index": "21",
      "type": {
        "kinds": ["pointer"],
        "dataType": "int",
        "dataWidth": "32",
        "multiInterfaceRef": [
          "out30_i",
          "out30_o"
        ]
      }
    },
    "out31": {
      "index": "22",
      "type": {
        "kinds": ["pointer"],
        "dataType": "int",
        "dataWidth": "32",
        "interfaceRef": "out31"
      }
    }
  },
  "Return": {
    "dataType": "int",
    "dataWidth": "32",
    "interfaceRef": "ap_return"
  },
  "ClockInfo": {
    "ClockName": "ap_clk",
    "ClockPeriod": "10",
    "IsCombLogic": "0",
    "II": "x",
    "Latency": "1",
    "Uncertainty": "1.25"
  },
  "Xdc": {"OocClocks": ["create_clock -name ap_clk -period 10.000 [get_ports ap_clk]"]},
  "Ipx": {
    "Vendor": "xilinx.com",
    "Library": "hls",
    "Name": "hls_macc",
    "Version": "1.0",
    "DisplayName": "Hls_macc",
    "Revision": "",
    "Description": "An IP generated by Vivado HLS",
    "Taxonomy": "\/VIVADO_HLS_IP",
    "AutoFamilySupport": ""
  },
  "Files": {
    "CSource": ["..\/..\/hls_macc.c"],
    "Vhdl": ["impl\/vhdl\/hls_macc.vhd"],
    "Verilog": ["impl\/verilog\/hls_macc.v"],
    "Misc": ["impl\/misc\/logo.png"],
    "DesignXml": "C:\/Users\/vivek\/Music\/waka\/waka\/solution1\/.autopilot\/db\/hls_macc.design.xml",
    "DebugDir": "C:\/Users\/vivek\/Music\/waka\/waka\/solution1\/.debug",
    "ProtoInst": ["C:\/Users\/vivek\/Music\/waka\/waka\/solution1\/.debug\/hls_macc.protoinst"]
  },
  "SubcoreInfo": {
    "HasXpmMemory": false,
    "HasClockedDsp": false,
    "IP": []
  },
  "Interfaces": {
    "ap_clk": {
      "type": "clock",
      "ctype": {"CLK": {"Type": "bool"}},
      "bundle_name": "ap_clk",
      "bundle_role": "default",
      "reset": "ap_rst"
    },
    "ap_ctrl": {
      "type": "ap_ctrl",
      "ctrl_ports": "ap_start ap_done ap_idle ap_ready",
      "ctype": {
        "start": {"Type": "bool"},
        "done": {"Type": "bool"},
        "idle": {"Type": "bool"},
        "ready": {"Type": "bool"}
      }
    },
    "ap_return": {
      "type": "data",
      "dir": "out",
      "width": "32",
      "ctype": {"DATA": {
          "Type": "integer signed",
          "Width": "32"
        }},
      "bundle_name": "ap_return",
      "bundle_role": "default"
    },
    "ap_rst": {
      "type": "reset",
      "polarity": "ACTIVE_HIGH",
      "ctype": {"RST": {"Type": "bool"}},
      "bundle_name": "ap_rst",
      "bundle_role": "default"
    },
    "in1": {
      "type": "data",
      "dir": "in",
      "width": "32",
      "ctype": {"DATA": {
          "Type": "integer signed",
          "Width": "32"
        }},
      "bundle_name": "in1",
      "bundle_role": "default"
    },
    "in2": {
      "type": "data",
      "dir": "in",
      "width": "32",
      "ctype": {"DATA": {
          "Type": "integer signed",
          "Width": "32"
        }},
      "bundle_name": "in2",
      "bundle_role": "default"
    },
    "in3": {
      "type": "data",
      "dir": "in",
      "width": "32",
      "ctype": {"DATA": {
          "Type": "integer signed",
          "Width": "32"
        }},
      "bundle_name": "in3",
      "bundle_role": "default"
    },
    "in4": {
      "type": "data",
      "dir": "in",
      "width": "32",
      "ctype": {"DATA": {
          "Type": "integer signed",
          "Width": "32"
        }},
      "bundle_name": "in4",
      "bundle_role": "default"
    },
    "in7": {
      "type": "data",
      "dir": "in",
      "width": "32",
      "ctype": {"DATA": {
          "Type": "integer signed",
          "Width": "32"
        }},
      "bundle_name": "in7",
      "bundle_role": "default"
    },
    "in8": {
      "type": "data",
      "dir": "in",
      "width": "32",
      "ctype": {"DATA": {
          "Type": "integer signed",
          "Width": "32"
        }},
      "bundle_name": "in8",
      "bundle_role": "default"
    },
    "in9": {
      "type": "data",
      "dir": "in",
      "width": "32",
      "ctype": {"DATA": {
          "Type": "integer signed",
          "Width": "32"
        }},
      "bundle_name": "in9",
      "bundle_role": "default"
    },
    "in10": {
      "type": "data",
      "dir": "in",
      "width": "32",
      "ctype": {"DATA": {
          "Type": "integer signed",
          "Width": "32"
        }},
      "bundle_name": "in10",
      "bundle_role": "default"
    },
    "in12": {
      "type": "data",
      "dir": "in",
      "width": "32",
      "ctype": {"DATA": {
          "Type": "integer signed",
          "Width": "32"
        }},
      "bundle_name": "in12",
      "bundle_role": "default"
    },
    "in14": {
      "type": "data",
      "dir": "in",
      "width": "32",
      "ctype": {"DATA": {
          "Type": "integer signed",
          "Width": "32"
        }},
      "bundle_name": "in14",
      "bundle_role": "default"
    },
    "in15": {
      "type": "data",
      "dir": "in",
      "width": "32",
      "ctype": {"DATA": {
          "Type": "integer signed",
          "Width": "32"
        }},
      "bundle_name": "in15",
      "bundle_role": "default"
    },
    "in17": {
      "type": "data",
      "dir": "in",
      "width": "32",
      "ctype": {"DATA": {
          "Type": "integer signed",
          "Width": "32"
        }},
      "bundle_name": "in17",
      "bundle_role": "default"
    },
    "in19": {
      "type": "data",
      "dir": "in",
      "width": "32",
      "ctype": {"DATA": {
          "Type": "integer signed",
          "Width": "32"
        }},
      "bundle_name": "in19",
      "bundle_role": "default"
    },
    "in20": {
      "type": "data",
      "dir": "in",
      "width": "32",
      "ctype": {"DATA": {
          "Type": "integer signed",
          "Width": "32"
        }},
      "bundle_name": "in20",
      "bundle_role": "default"
    },
    "in22": {
      "type": "data",
      "dir": "in",
      "width": "32",
      "ctype": {"DATA": {
          "Type": "integer signed",
          "Width": "32"
        }},
      "bundle_name": "in22",
      "bundle_role": "default"
    },
    "in24": {
      "type": "data",
      "dir": "in",
      "width": "32",
      "ctype": {"DATA": {
          "Type": "integer signed",
          "Width": "32"
        }},
      "bundle_name": "in24",
      "bundle_role": "default"
    },
    "in27": {
      "type": "data",
      "dir": "in",
      "width": "32",
      "ctype": {"DATA": {
          "Type": "integer signed",
          "Width": "32"
        }},
      "bundle_name": "in27",
      "bundle_role": "default"
    },
    "in28": {
      "type": "data",
      "dir": "in",
      "width": "32",
      "ctype": {"DATA": {
          "Type": "integer signed",
          "Width": "32"
        }},
      "bundle_name": "in28",
      "bundle_role": "default"
    },
    "in29": {
      "type": "data",
      "dir": "in",
      "width": "32",
      "ctype": {"DATA": {
          "Type": "integer signed",
          "Width": "32"
        }},
      "bundle_name": "in29",
      "bundle_role": "default"
    },
    "in32": {
      "type": "data",
      "dir": "in",
      "width": "32",
      "ctype": {"DATA": {
          "Type": "integer signed",
          "Width": "32"
        }},
      "bundle_name": "in32",
      "bundle_role": "default"
    },
    "out13": {
      "type": "data",
      "dir": "out",
      "width": "32",
      "ctype": {"DATA": {
          "Type": "integer signed",
          "Width": "32"
        }},
      "bundle_name": "out13",
      "bundle_role": "default"
    },
    "out30_i": {
      "type": "data",
      "dir": "in",
      "width": "32",
      "ctype": {"DATA": {
          "Type": "integer signed",
          "Width": "32"
        }},
      "bundle_name": "out30",
      "bundle_role": "i"
    },
    "out30_o": {
      "type": "data",
      "dir": "out",
      "width": "32",
      "ctype": {"DATA": {
          "Type": "integer signed",
          "Width": "32"
        }},
      "bundle_name": "out30",
      "bundle_role": "o"
    },
    "out31": {
      "type": "data",
      "dir": "out",
      "width": "32",
      "ctype": {"DATA": {
          "Type": "integer signed",
          "Width": "32"
        }},
      "bundle_name": "out31",
      "bundle_role": "default"
    }
  },
  "RtlPorts": {
    "ap_clk": {
      "dir": "in",
      "width": "1"
    },
    "ap_rst": {
      "dir": "in",
      "width": "1"
    },
    "ap_start": {
      "dir": "in",
      "width": "1"
    },
    "ap_done": {
      "dir": "out",
      "width": "1"
    },
    "ap_idle": {
      "dir": "out",
      "width": "1"
    },
    "ap_ready": {
      "dir": "out",
      "width": "1"
    },
    "ap_return": {
      "dir": "out",
      "width": "32"
    },
    "in1": {
      "dir": "in",
      "width": "32"
    },
    "in2": {
      "dir": "in",
      "width": "32"
    },
    "in3": {
      "dir": "in",
      "width": "32"
    },
    "in4": {
      "dir": "in",
      "width": "32"
    },
    "in7": {
      "dir": "in",
      "width": "32"
    },
    "in8": {
      "dir": "in",
      "width": "32"
    },
    "in9": {
      "dir": "in",
      "width": "32"
    },
    "in10": {
      "dir": "in",
      "width": "32"
    },
    "in14": {
      "dir": "in",
      "width": "32"
    },
    "in12": {
      "dir": "in",
      "width": "32"
    },
    "in15": {
      "dir": "in",
      "width": "32"
    },
    "in17": {
      "dir": "in",
      "width": "32"
    },
    "in19": {
      "dir": "in",
      "width": "32"
    },
    "in20": {
      "dir": "in",
      "width": "32"
    },
    "in22": {
      "dir": "in",
      "width": "32"
    },
    "in24": {
      "dir": "in",
      "width": "32"
    },
    "in27": {
      "dir": "in",
      "width": "32"
    },
    "in28": {
      "dir": "in",
      "width": "32"
    },
    "in29": {
      "dir": "in",
      "width": "32"
    },
    "in32": {
      "dir": "in",
      "width": "32"
    },
    "out13": {
      "dir": "out",
      "width": "32"
    },
    "out13_ap_vld": {
      "dir": "out",
      "width": "1"
    },
    "out30_i": {
      "dir": "in",
      "width": "32"
    },
    "out30_o": {
      "dir": "out",
      "width": "32"
    },
    "out30_o_ap_vld": {
      "dir": "out",
      "width": "1"
    },
    "out31": {
      "dir": "out",
      "width": "32"
    },
    "out31_ap_vld": {
      "dir": "out",
      "width": "1"
    }
  },
  "ModuleInfo": {
    "Hierarchy": {"ModuleName": "hls_macc"},
    "Info": {"hls_macc": {
        "FunctionProtocol": "ap_ctrl_hs",
        "isTaskLevelControl": "1",
        "isPipelined": "0",
        "isCombinational": "0",
        "isOneStateSeq": "0"
      }},
    "Metrics": {"hls_macc": {
        "Latency": {
          "LatencyBest": "1",
          "LatencyAvg": "2",
          "LatencyWorst": "2",
          "PipelineIIMin": "2",
          "PipelineIIMax": "3",
          "PipelineII": "2 ~ 3",
          "PipelineDepth": "",
          "PipelineType": "none"
        },
        "Timing": {
          "Target": "10.00",
          "Uncertainty": "1.25",
          "Estimate": "8.742"
        },
        "Area": {
          "FF": "165",
          "LUT": "670",
          "BRAM_18K": "0",
          "DSP48E": "0",
          "URAM": "0"
        }
      }}
  },
  "Sdx": {
    "Target": "none",
    "ProfileOption": "0",
    "ProfileType": "none",
    "XO": "",
    "KernelName": "hls_macc",
    "EnableXoSwEmu": "1"
  },
  "GenData": {
    "DataVersion": "0.2",
    "Time": "2021-01-06 12:45:57 +0530",
    "ToolName": "vivado_hls",
    "ToolVersion": "2019.2"
  }
}
